index,country,name,hosp_type,disease_type,year_rate,rate,AAPC,direction,popup,appendixF_popup
1,Argentina,Cordoba,not,IBD,2017,7.11,,,"<p style=""""font-size: 125%"""">Insufficient data were available to conduct a temporal analysis on hospitalization rates; however, in 2017, the undefined hospitalization rate for IBD was 7.11/100,000 (<a href='https://www.sciencedirect.com/science/article/pii/S1590865821000128?via%3Dihub' target='_blank'>Balderramo 2021</a>).</p>",
1,Argentina,Cordoba,not,CD,2017,1.86,,,"<p style=""""font-size: 125%"""">Insufficient data were available to conduct a temporal analysis on hospitalization rates; however, in 2017, the undefined hospitalization rate for CD was 1.86/100,000 (<a href='https://www.sciencedirect.com/science/article/pii/S1590865821000128?via%3Dihub' target='_blank'>Balderramo 2021</a>).</p>",
1,Argentina,Cordoba,not,UC,2017,5.25,,,"<p style=""""font-size: 125%"""">Insufficient data were available to conduct a temporal analysis on hospitalization rates; however, in 2017, the undefined hospitalization rate for UC was 5.25/100,000 (<a href='https://www.sciencedirect.com/science/article/pii/S1590865821000128?via%3Dihub' target='_blank'>Balderramo 2021</a>).</p>",
2,Australia,Australia,prim,IBD,2014,32.5,1.33,increase,"<p style=""""font-size: 125%"""">Data on IBD hospitalizations come from the OECD (<a href='https://www.sciencedirect.com/science/article/abs/pii/S2468125319300135?via%3Dihub' target='_blank'>King 2019</a>), which provides rates for primary discharges spanning 2000â€“2014. In 2014, the hospitalization rate for IBD was 32.5/100,000, which had significantly increased from 26.8/100,000 in 2000 (AAPC: 1.33; 95% CI: 1.08, 1.57).</p>",
3,Austria,Austria,not,IBD,2015,72.5,0.93,increase,"<p style=""""font-size: 125%"""">Data on IBD hospitalizations come from the OECD (<a href='https://www.sciencedirect.com/science/article/abs/pii/S2468125319300135?via%3Dihub' target='_blank'>King 2019</a>), which provides rates for unspecified discharge types spanning 2000â€“2015. In 2015, the hospitalization rate for IBD was 72.5/100,000, which had significantly increased from 66.1/100,000 in 2000 (AAPC: 0.93; 95% CI: 0.60, 1.26).</p>",
4,Bahrain,Bahrain,all,IBD,2014,39.18,8.28,increase,"<p style=""""font-size: 125%"""">Data on IBD hospitalizations come from <a href='https://www.dovepress.com/inflammatory-bowel-disease-in-bahrain-single-center-experience-peer-reviewed-fulltext-article-CEG' target='_blank'>Abdulla 2017</a>, which provides rates for secondary discharge types spanning 2000â€“2014 [data available from 1984â€“2014]. In 2014, the hospitalization rate for IBD was 39.18/100,000, which had significantly increased from 7.61/100,000 in 2000 (AAPC: 8.28; 95% CI: 5.59, 11.03).</p>",
4,Bahrain,Bahrain,all,CD,2014,21.45,12.98,increase,"<p style=""""font-size: 125%"""">Data on CD hospitalizations come from <a href='https://www.dovepress.com/inflammatory-bowel-disease-in-bahrain-single-center-experience-peer-reviewed-fulltext-article-CEG' target='_blank'>Abdulla 2017</a>, which provides rates for secondary discharge types spanning 2000â€“2014 [data available from 1984â€“2014]. In 2014, the hospitalization rate for CD was 21.45/100,000, which had significantly increased from 2.11/100,000 in 2000 (AAPC: 12.98; 95% CI: 7.83, 18.38).</p>",
4,Bahrain,Bahrain,all,UC,2014,16.57,7.27,increase,"<p style=""""font-size: 125%"""">Data on UC hospitalizations come from <a href='https://www.dovepress.com/inflammatory-bowel-disease-in-bahrain-single-center-experience-peer-reviewed-fulltext-article-CEG' target='_blank'>Abdulla 2017</a>, which provides rates for secondary discharge types spanning 2000â€“2014 [data available from 1984â€“2014]. In 2014, the hospitalization rate for UC was 16.57/100,000, which had significantly increased from 2.71/100,000 in 2000 (AAPC: 7.27; 95% CI: 2.12, 12.69).</p>",
5,Belgium,Belgium,not,IBD,2014,34.1,-0.44,decrease,"<p style=""""font-size: 125%"""">Data on IBD hospitalizations come from the OECD (<a href='https://www.sciencedirect.com/science/article/abs/pii/S2468125319300135?via%3Dihub' target='_blank'>King 2019</a>), which provides rates for unspecified discharge types spanning 2000â€“2014.  While the hospitalization rate for IBD was 33.5/100,000 in 2000 and 34.1/100,000 in 2014, overall it decreased significantly (AAPC: âˆ’0.44; 95% CI: âˆ’0.75, âˆ’0.13).</p>",
6,Brazil,Brazil,not,IBD,2017,1.98,-3.99,decrease,"<p style=""""font-size: 125%""""Data on IBD hospitalizations come from <a href='https://www.ncbi.nlm.nih.gov/pmc/articles/PMC8788161/' target='_blank'>Guedes 2022</a>, which provides undefined  hospitalization rates spanning 2000â€“2017. In 2017, the hospitalization rate for IBD was 1.98/100,000 which had significantly decreased from 3.65/100,000 in 2000 (AAPC: -3.99; 95% CI: -4.76, -3.22).</p>",
6,Brazil,Brazil,not,CD,2015,1.38,-3.22,decrease,"<p style=""""font-size: 125%"""">The hospitalization rate for CD decreased significantly from 1.74/100,000 in 2005 to 1.38/100,000 in 2015 (AAPC: -3.22; 95% CI: -5.24, -1.15) (<a href='https://bmcgastroenterol.biomedcentral.com/articles/10.1186/s12876-021-01781-x' target='_blank'>Palacio 2021</a>).</p>",
6,Brazil,Brazil,not,UC,2015,1.44,-3.41,decrease,"<p style=""""font-size: 125%"""">The hospitalization rate for UC decreased significantly from 1.92/100,000 in 2005 to 1.44/100,000 in 2015 (AAPC: -3.41; 95% CI: -4.63, -2.18) (<a href='https://bmcgastroenterol.biomedcentral.com/articles/10.1186/s12876-021-01781-x' target='_blank'>Palacio 2021</a>).</p>",
7,Brazil,CAXAIS DO SUL,not,IBD,2016,1.02,,,"<p style=""""font-size: 125%"""">Data on IBD hospitalizations come from <a href='https://www.scielo.br/j/spmj/a/85gXNNLYk8Ds3VgGBkHTm9C/?lang=en' target='_blank'>Dall'Oglio 2020</a>, which a hospitalization rate of 1.02/100,000 for IBD for 2016 in Caxias do Sul. There were insufficient data available for a temporal analysis.</p>",
7,Brazil,CAXAIS DO SUL,not,CD,2016,0.65,,,"<p style=""""font-size: 125%"""">Insufficient data were available to conduct a temporal analysis on hospitalization rates for CD; however, <a href='https://www.scielo.br/j/spmj/a/85gXNNLYk8Ds3VgGBkHTm9C/?lang=en' target='_blank'>Dall'Oglio 2020</a> reported 0.65/100,000 in 2016.</p>",
7,Brazil,CAXAIS DO SUL,not,UC,2016,0.19,,,"<p style=""""font-size: 125%"""">Insufficient data were available to conduct a temporal analysis on hospitalization rates for UC; however, <a href='https://www.scielo.br/j/spmj/a/85gXNNLYk8Ds3VgGBkHTm9C/?lang=en' target='_blank'>Dall'Oglio 2020</a> reported 0.19/100,000 in 2016.</p>",
8,Canada,Canada,prim,IBD,2015,29.3,-2.38,decrease,"<p style=""""font-size: 125%"""">Data on IBD hospitalizations come from the OECD (<a href='https://www.sciencedirect.com/science/article/abs/pii/S2468125319300135?via%3Dihub' target='_blank'>King 2019</a>), which provides rates for primary discharges spanning 2000â€“2015. In 2015, the hospitalization rate for IBD was 29.3/100,000, which had significantly decreased from 41.0/100,000 in 2000 (AAPC: -2.38; 95% CI: -2.55, -2.00).</p>",
8,Canada,Canada,not,IBD,2000,74.5,,,"<p style=""""font-size: 125%""""><a href='https://pubmed.ncbi.nlm.nih.gov/15346726/' target='_blank'>Nabalamba 2004</a> reports an undefined IBD hospitalization rate of 74.5/100,000 in 2000.</p>",
8,Canada,Canada,not,CD,2001,27.5,,,"<p style=""""font-size: 125%"""">Insufficient data were available to conduct a temporal analysis on hospitalization rates for CD; however, the undefined hospitalization rate was estimated at 27.6/100,000 in 2000 and 27.5/100,000 in 2001 (<a href='https://pubmed.ncbi.nlm.nih.gov/15346726/' target='_blank'>Nabalamba 2004</a>).</p>",
8,Canada,Canada,not,UC,2001,12.8,,,"<p style=""""font-size: 125%"""">Insufficient data were available to conduct a temporal analysis on hospitalization rates for UC; however, the undefined hospitalization rate was estimated at 13.0/100,000 in 2000 and 12.8/100,000 in 2001 (<a href='https://pubmed.ncbi.nlm.nih.gov/15346726/' target='_blank'>Nabalamba 2004</a>).</p>",
9,Canada,Calgary,all,UC,2009,5.72,,,"<p style=""""font-size: 125%"""">Insufficient data were available to conduct a temporal analysis on hospitalization rates for UC; however, the average secondary discharge rate was estimated at 5.72/100,000 between 1997 and 2009 (<a href='https://journals.lww.com/ajg/Abstract/2012/12000/Decreasing_Colectomy_Rates_for_Ulcerative_Colitis_.20.aspx' target='_blank'>Kaplan 2012</a>).</p>",
10,Canada,Alberta,prim,IBD,2018,21.81,-3.01,decrease,"<p style=""""font-size: 125%"""">Data on IBD hospitalizations come from Buie 2022 (Temporal Trends in IBD Hospitalization rates from 2002 to 2018 in Alberta, Canada: A Population-Based Cohort Study.) which provides rates for primary and all cause discharges between 2002â€“2018. In 2018, the primary hospitalization rate for IBD in Alberta was 21.81/100,000, which was significantly lower than 38.18/100,000 in 2002 (AAPC: -3.01; 95% CI: -3.38, -2.64). This is an extension of the data found in <a href='https://prism.ucalgary.ca/handle/1880/110486' target='_blank'>Coward 2019</a> which provides results from 2002â€“2015. In 2015, the primary hospitalization rate for IBD was 22.59/100,000, which had significantly decreased from 40.31/100,000 in 2002 (AAPC: -3.40; 95% CI: -3.98, -2.81).</p>","<p style=""font-size: 125%"">Data on IBD hospitalizations come from Buie 2022 (Temporal Trends in IBD Hospitalization rates from 2002 to 2018 in Alberta, Canada: A Population-Based Cohort Study) which provides rates for primary and all cause discharges between 2002Ð2018. In 2018, the primary hospitalization rate for IBD in Alberta was 4.02/100 IBD patients, which was significantly lower than 13.09/100 IBD patients in 2002 (AAPC: -6.65; 95% CI: -7.48, -5.82). In 2018, the all cause hospitalization rate for IBD was 16.72/100 IBD patients which had also decreased significantly from 36.57/100 IBD patients in 2002 (AAPC: -4.18; 95% CI: -4.69, -3.66) (Buie 2022).<br><br>

Data on CD hospitalizations come from Buie 2022,  which provides rates for primary and all cause discharges between 2002Ð2018. In 2018, the primary hospitalization rate for CD in Alberta was 4.60/100 CD patients, which was significantly lower than 14.54/100 CD patients in 2002 (AAPC: -6.54; 95% CI: -7.33, -5.75). In 2018, the all cause hospitalization rate for CD was 18.41/100 CD patients which had decreased significantly from 40.44/100 CD patients in 2002 (AAPC: -4.06; 95% CI: -4.56, -3.55) (Buie 2022).<br><br>

Data on UC hospitalizations come from Buie 2022,  which provides rates for primary and all cause discharges between 2002Ð2018. In 2018, the primary hospitalization rate for UC in Alberta was 4.49/100UC patients, which was also significantly lower than 12.68/100 UC patients in 2002 (AAPC: -5.71; 95% CI: -6.91, -4.50). In 2018, the all cause hospitalization rate for UC was 15.56/100 UC patients which was significantly lower than 30.83/100 UC patients in 2002 (AAPC: -3.66; 95% CI: -4.38, -2.93) (Buie 2022).</p>"
10,Canada,Alberta,prim,CD,2018,12.46,-4.12,decrease,"<p style=""""font-size: 125%"""">Data on CD hospitalizations come from Buie 2022 (Temporal Trends in IBD Hospitalization rates from 2002 to 2018 in Alberta, Canada: A Population-Based Cohort Study.) which provides rates for primary and all cause discharges between 2002â€“2018. In 2018, the primary hospitalization rate for CD in Alberta was 12.46/100,000, which was significantly lower than 26.09/100,000 in 2002 (AAPC: -4.12; 95% CI: -4.48, -3.76). Additionally, <a href='https://prism.ucalgary.ca/handle/1880/110486' target='_blank'>Coward 2019</a> reports  rates spanning 2002â€“2015. In 2015, the hospitalization rate for primary CD discharges was 12.99/100,000, which had significantly decreased from 28.20/100,000 in 2002 (AAPC: -4.62; 95% CI: -5.21, -4.03).</p>",
10,Canada,Alberta,prim,UC,2018,8.87,-0.73,stable,"<p style=""""font-size: 125%"""">Data on UC hospitalizations come from Buie 2022 (Temporal Trends in IBD Hospitalization rates from 2002 to 2018 in Alberta, Canada: A Population-Based Cohort Study.) which provides rates for primary and all cause discharges between 2002â€“2018. In 2018, the primary hospitalization rate for UC in Alberta was 8.87/100,000, which was not significantly lower than 11.04/100,000 in 2002 (AAPC: -0.73; 95% CI: -1.48, -0.02). Additionally, <a href='https://prism.ucalgary.ca/handle/1880/110486' target='_blank'>Coward 2019</a> reports  rates spanning 2002â€“2015. In 2015, the hospitalization rate for primary UC discharges was 8.96/100,000, which had not significantly decreased from 11.12/100,000 in 2002 (AAPC: -0.74; 95% CI: -1.81, 0.34).</p>",
10,Canada,Alberta,all,IBD,2018,142.18,1.56,increase,"<p style=""""font-size: 125%"""">Data on IBD hospitalizations come from Buie 2022 (Temporal Trends in IBD Hospitalization rates from 2002 to 2018 in Alberta, Canada: A Population-Based Cohort Study.) which provides rates for primary and all cause discharges between 2002â€“2018. In 2018, the all cause hospitalization rate for IBD was 142.18/100,000 which significantly increased  from 110.65/100,000 in 2002 (AAPC: 1.56; 95% CI: 1.32, 1.80) (Buie 2022). Additionally, in 2015, the secondary hospitalization rate for IBD in Alberta was 57.89/100,000, which had significantly decreased from 83.88/100,000 in 2002 (AAPC: -1.98; 95% CI: -2.42, -1.49) (<a href='https://prism.ucalgary.ca/handle/1880/110486' target='_blank'>Coward 2019</a>).</p>",
10,Canada,Alberta,all,CD,2018,73.11,0.42,increase,"<p style=""""font-size: 125%"""">Data on CD hospitalizations come from Buie 2022 (Temporal Trends in IBD Hospitalization rates from 2002 to 2018 in Alberta, Canada: A Population-Based Cohort Study.) which provides rates for primary and all cause discharges between 2002â€“2018. In 2018, the all cause hospitalization rate for CD was 73.11/100,000 which significantly increased from 72.18/100,000 in 2002 (AAPC: 0.42; 95% CI: 0.11, 0.72) (Buie 2022). Additionally, in 2015, the hospitalization rate for secondary CD discharges was 38.94/100,000, which had significantly decreased from 60.29/100,000 in 2002 (AAPC: -2.32; 95% CI: -2.84, -1.79) (<a href='https://prism.ucalgary.ca/handle/1880/110486' target='_blank'>Coward 2019</a>).</p>",
10,Canada,Alberta,all,UC,2018,51.27,3.29,increase,"<p style=""""font-size: 125%"""">Data on UC hospitalizations come from Buie 2022 (Temporal Trends in IBD Hospitalization rates from 2002 to 2018 in Alberta, Canada: A Population-Based Cohort Study.) which provides rates for primary and all cause discharges between 2002â€“2018. In 2018, the all cause hospitalization rate for UC was 51.27/100,000 which  significantly increased from 28.71/100,000 in 2002 (AAPC: 3.29; 95% CI: 2.94, 3.63) (Buie 2022). Additionally, in 2015, the hospitalization rate for secondary UC discharges was 17.44/100,000, which had not significantly decreased from 20.49/100,000 in 2002 (AAPC: -0.66; 95% CI: -1.36, 0.05) (<a href='https://prism.ucalgary.ca/handle/1880/110486' target='_blank'>Coward 2019</a>).</p>",
11,Canada,Ontario,prim,CD,2014,30.96,-0.27,stable,"<p style=""""font-size: 125%"""">Data on CD hospitalizations come from <a href='https://onlinelibrary.wiley.com/doi/10.1111/apt.15511' target='_blank'>Rahman 2019</a>, which provides rates for primary discharges in the province of Ontario spanning 2003-2014. In 2014, the hospitalization rate for primary CD discharges was 30.96/100,000, which was not significantly different from 33.19/100,000 in 2003 (AAPC: -0.27; 95% CI: -0.73, 0.18).</p>","<p style=""font-size: 125%"">Data on CD hospitalizations come from <a href='https://onlinelibrary.wiley.com/doi/10.1111/apt.15511' target='_blank'>Rahman 2019</a>, which provides rates for primary discharges in the province of Ontario spanning 2003-2014. In 2014, the hospitalization rate for primary CD discharges was 10.48/100 CD patients which was significantly lower than 15.47/100 CD patients in 2003 (AAPC: -3.35; 95% CI: -3.59, -3.11).</p>"
12,Chile,Chile,prim,IBD,2012,8.64,4.5,increase,"<p style=""""font-size: 125%""""><a href='https://link.springer.com/article/10.1007/s10620-017-4660-5' target='_blank'>Bellolio 2017</a> reported significantly increasing primary hospitalization rates between 2001 (5.25/100,000) and 2012 (8.64/100,000) (AAPC: 4.50; 95% CI: 3.75, 5.26).</p>",
12,Chile,Chile,prim,CD,2012,3.11,6.07,increase,"<p style=""""font-size: 125%"""">Data on CD hospitalizations come from <a href='https://link.springer.com/article/10.1007/s10620-017-4660-5' target='_blank'>Bellolio 2017</a>, which provides primary hospitalization rates spanning 2001-2012. In 2012 the rate was 3.11/100,000 which was significanly higher than 1.68/100,000 in 2001 (AAPC: 6.07; 95% CI: 4.53, 7.63). The same results can also be found in <a href='https://www.tandfonline.com/doi/abs/10.1080/00365521.2017.1307444?journalCode=igas20' target='_blank'>Jaime 2017</a>.</p>",
12,Chile,Chile,prim,UC,2012,5.53,3.81,increase,"<p style=""""font-size: 125%"""">Data on UC hospitalizations come from <a href='https://link.springer.com/article/10.1007/s10620-017-4660-5' target='_blank'>Bellolio 2017</a>, which provides primary hospitalization rates spanning 2001-2012. In 2012 the rate was 5.53/100,000 which was significanly higher than 3.58/100,000 in 2001 (AAPC: 3.81; 95% CI: 2.66, 4.99). The same results can also be found in  <a href='https://www.tandfonline.com/doi/abs/10.1080/00365521.2017.1307444?journalCode=igas20' target='_blank'>Jaime 2017</a>.</p>",
12,Chile,Chile,not,IBD,2014,11.4,5.01,increase,"<p style=""""font-size: 125%"""">Data on IBD hospitalizations come from the OECD (<a href='https://www.sciencedirect.com/science/article/abs/pii/S2468125319300135?via%3Dihub' target='_blank'>King 2019</a>), which provides rates for unspecified discharges spanning 2001â€“2014. In 2014, the hospitalization rate for IBD was 11.4/100,000, which had significantly increased from 5.3/100,000 in 2001 (AAPC: 5.01; 95% CI: 4.49, 5.54).</p>",
13,China,Hong Kong,all,CD,2014,116,8.67,increase,"<p style=""""font-size: 125%"""">Data on hospitalization rates for CD come from <a href='https://onlinelibrary.wiley.com/doi/10.1111/jgh.14377' target='_blank'>Chan 2019</a>, which provides rates for secondary discharges spanning 2005â€“2014. In 2014, the hospitalization rate was 116/100,000, which had significantly increased from 51/100,000 in 2005 (AAPC: 8.67; 95% CI: 5.81, 11.61).</p>",
13,China,Hong Kong,all,UC,2014,39,0.14,stable,"<p style=""""font-size: 125%"""">Data on hospitalization rates for UC come from <a href='https://onlinelibrary.wiley.com/doi/10.1111/jgh.14377' target='_blank'>Chan 2019</a>, which provides rates for secondary discharges spanning 2005â€“2014. In 2014, the hospitalization rate was 39/100,000, which had not significantly increased from 32/100,000 in 2005 (AAPC: 0.14; 95% CI: -2.21, 2.53).</p>",
14,China,Shanghai,prim,IBD,2011,1.53,16.44,increase,"<p style=""""font-size: 125%"""">Data on IBD hospitalizations come from <a href='https://www.hindawi.com/journals/grp/2013/267630/' target='_blank'>Xu 2013</a>, which provides rates for primary discharges in Shanghai spanning 2003â€“2011. In 2011, the hospitalization rate for IBD was 1.53/100,000, which had significantly increased from 0.64/100,000 in 2003 (AAPC: 16.44; 95% CI: 11.84, 21.23).</p>",
15,Czech Republic,Czech Rep.,prim,IBD,2015,53.83,2.52,increase,"<p style=""""font-size: 125%"""">Data on IBD hospitalizations come from the OECD (<a href='https://www.sciencedirect.com/science/article/abs/pii/S2468125319300135?via%3Dihub' target='_blank'>King 2019</a>), which provides rates for primary discharges spanning 2000â€“2015. In 2015, the hospitalization rate for IBD was 43.6/100,000, which had significantly increased from 33.8/100,000 in 2000 (AAPC: 1.90; 95% CI: 1.25, 2.56). <a href='https://www.csgh.info/cs/intro' target='_blank'>Jarkovsky 2017</a> also provides data on primary IBD hospitalizations spanning 2007 (48.11/100,000) to 2015 (53.83/100,000), which also represents a significant increase (AAPC: 2.52; 95% CI: 1.55, 3.48).</p>","<p style=""font-size: 125%"">Data on IBD hospitalizations come from <a href='https://www.csgh.info/cs/intro' target='_blank'>Jarkovsky 2017</a>, which provides rates for primary discharges spanning 2007_2015. In 2015, the hospitalization rate for IBD was 12.18/100 IBD patients, which had significantly decreased from 14.31/100 IBD patients in 2007 (AAPC: -1.11; 95% CI: -2.15, -0.06).<br><br>

Data on CD hospitalizations come from <a href='https://www.csgh.info/cs/intro' target='_blank'>Jarkovsky 2017</a>, which provides rates for primary discharges spanning 2007_2015. In 2015, the hospitalization rate for CD was 17.84/100 CD patients, which had significantly decreased from 21.88/100 CD patients in 2007 (AAPC: -1.37; 95% CI: -2.57, -0.15).<br><br>

Data on UC hospitalizations come from <a href='https://www.csgh.info/cs/intro' target='_blank'>Jarkovsky 2017</a>, which provides rates for primary discharges spanning 2007_2015. In 2015, the hospitalization rate for UC was 7.25/100 UC patients, which had significantly decreased from 8.90/100 UC patients in 2007 (AAPC: -2.20; 95% CI: -3.27, -1.11).</p>"
15,Czech Republic,Czech Rep.,prim,CD,2015,36.72,3.69,increase,"<p style=""""font-size: 125%"""">Data on CD hospitalizations come from <a href='https://www.csgh.info/cs/intro' target='_blank'>Jarkovsky 2017</a>, which provides rates for primary discharges spanning 2007â€“2015. In 2015, the hospitalization rate for CD was 36.72/100,000, which had significantly increased from 30.65/100,000 in 2007 (AAPC: 3.69; 95% CI: 2.48, 4.92).</p>",
15,Czech Republic,Czech Rep.,prim,UC,2015,17.11,0.27,stable,"<p style=""""font-size: 125%"""">Data on UC hospitalizations come from <a href='https://www.csgh.info/cs/intro' target='_blank'>Jarkovsky 2017</a>, which provides rates for primary discharges spanning 2007â€“2015. In 2015, the hospitalization rate for UC was 17.11/100,000, which had not significantly changed from 17.46/100,000 in 2007 (AACP: 0.27; 95% CI: -0.61, 1.15).</p>",
16,Denmark,Denmark,prim,IBD,2016,54.4,-1.02,decrease,"<p style=""""font-size: 125%"""">Data on IBD hospitalizations come from the OECD (<a href='https://www.sciencedirect.com/science/article/abs/pii/S2468125319300135?via%3Dihub' target='_blank'>King 2019</a>), which provides rates for primary discharges spanning 2001â€“2016. In 2016, the hospitalization rate for IBD was 54.4/100,000, which had significantly decreased from 63.8/100,000 in 2001 (AAPC: âˆ’1.02; 95% CI: âˆ’1.74, âˆ’0.29).</p>",
16,Denmark,Denmark,prim,CD,2000,43.4,,,"<p style=""""font-size: 125%"""">Insufficient data were available to conduct a temporal analysis on hospitalization rates for CD; however, in 2000, the primary discharge rate for CD was estimated at 43.4/100,000 (<a href='https://academic.oup.com/ibdjournal/article/16/3/452/4628301?login=true' target='_blank'>Sonnenberg 2010</a>).</p>",
16,Denmark,Denmark,prim,UC,2000,41.2,,,"<p style=""""font-size: 125%"""">Insufficient data were available to conduct a temporal analysis on hospitalization rates for UC; however, in 2000, the primary discharge rate for UC was estimated at 41.2/100,000 (<a href='https://academic.oup.com/ibdjournal/article/16/3/452/4628301?login=true' target='_blank'>Sonnenberg 2010</a>).</p>",
17,England,England,prim,CD,2000,41.6,,,"<p style=""""font-size: 125%""""><a href='https://academic.oup.com/ibdjournal/article/16/3/452/4628301?login=true' target='_blank'>Sonnenberg 2010b</a> reported a primary diagnosis rate of 41.6/100,000 in 2000 while <a href='https://academic.oup.com/ibdjournal/article/15/2/206/4643459?login=true' target='_blank'>Sonnenberg 2009</a> reported a primary diagnosis rate of 38.0/100,000 in the same year.</p>",
17,England,England,prim,UC,2000,46.9,,,"<p style=""""font-size: 125%""""><a href='https://academic.oup.com/ibdjournal/article/16/3/452/4628301?login=true' target='_blank'>Sonnenberg 2010b</a> reported a primary diagnosis rate of 46.9/100,000 in 2000 while <a href='https://academic.oup.com/ibdjournal/article/15/2/206/4643459?login=true' target='_blank'>Sonnenberg 2009</a> reported a primary diagnosis rate of 39.0/100,000 in the same year.</p>",
17,England,England,all,IBD,2003,30.81,,,"<p style=""""font-size: 125%"""">Insufficient data were available to conduct a temporal analysis on hospitalization rates for IBD; however, in 2002, the IBD hospitalization rate for secondary discharges was estimated at 53.47/100,000 (<a href='https://academic.oup.com/ibdjournal/article/15/2/206/4643459?login=true' target='_blank'>Sonnenberg 2009</a>) and at 30.81/100,000 in 2003 (<a href='https://journals.lww.com/eurojgh/Fulltext/2010/01000/Temporal_changes_in_the_age_distribution_of.14.aspx' target='_blank'>Sonnenberg 2010a</a>).</p>",
17,England,England,all,CD,2013,202.9,11.93,increase,"<p style=""""font-size: 125%"""">Data on CD hospitalizations come from <a href='https://bmjopengastro.bmj.com/content/5/1/e000191' target='_blank'>Ahmad 2018</a>, which provides rates for secondary hospitalization discharges spanning 2003â€“2013. In 2013, the CD hospitalization rate was 202.9/100,000, which had significantly increased from 76.5/100,000 in 2004 (AAPC: 11.93; 95% CI: 11.25, 12.60). <a href='https://academic.oup.com/ibdjournal/article/15/2/206/4643459?login=true' target='_blank'>Sonnenberg 2009</a> also reported an all cause hospitalization rate of 23.65/100,000 in 2002 and <a href='https://journals.lww.com/eurojgh/Fulltext/2010/01000/Temporal_changes_in_the_age_distribution_of.14.aspx' target='_blank'>Sonnenberg 2010a</a> a rate of 16.45/100,000 in 2003.</p>",
17,England,England,all,UC,2013,149.5,9.25,increase,"<p style=""""font-size: 125%"""">Data on UC hospitalizations come from <a href='https://bmjopengastro.bmj.com/content/5/1/e000191' target='_blank'>Ahmad 2018</a>, which provides rates for secondary hospitalization discharges spanning 2003â€“2013. In 2013, the UC hospitalization rate was 149.5/100,000, which had significantly increased from 69.5/100,000 in 2004 (AAPC: 9.25; 95% CI: 8.78, 9.73). Additional studies had insufficient data to conduct a temportal analysis on hospitalization rates for UC. <a href='https://academic.oup.com/ibdjournal/article/15/2/206/4643459?login=true' target='_blank'>Sonnenberg 2009</a> also reported an all secondary diagnosis hospitalization rate of 29.83/100,000 in 2002 and <a href='https://journals.lww.com/eurojgh/Fulltext/2010/01000/Temporal_changes_in_the_age_distribution_of.14.aspx' target='_blank'>Sonnenberg 2010a</a> a rate of 14.36/100,000 in 2003.</p>",
18,Finland,Finland,not,IBD,2015,49.7,-1.06,decrease,"<p style=""""font-size: 125%"""">Data on IBD hospitalizations come from the OECD (<a href='https://www.sciencedirect.com/science/article/abs/pii/S2468125319300135?via%3Dihub' target='_blank'>King 2019</a>), which provides rates for undefined discharges spanning 2001â€“2015. In 2015, the hospitalization rate for IBD was 49.7/100,000, which had significantly decreased from 60.5/100,000 in 2001 (AAPC: -1.06; 95% CI: -1.36, -0.76).</p>",
19,France,France,prim,IBD,2015,25,-0.11,stable,"<p style=""""font-size: 125%"""">Data on IBD hospitalizations come from the OECD (<a href='https://www.sciencedirect.com/science/article/abs/pii/S2468125319300135?via%3Dihub' target='_blank'>King 2019</a>), which provides rates for primary discharges spanning 2000â€“2015 [data available from 1997â€“2015]. In 2015, the hospitalization rate for IBD was 25.0/100,000, which had not significantly changed from 26.7/100,000 in 2000 (AAPC: 0.11; 95% CI: -0.41, 0.20).</p>",
19,France,France,all,CD,2011,28.03,,,"<p style=""""font-size: 125%"""">Insufficient data were available to conduct a temporal analysis on hospitalization rates for CD; however, in 2011, the secondary discharge rate for CD was estimated at 28.03/100,000 (<a href='https://onlinelibrary.wiley.com/doi/10.1111/apt.13835' target='_blank'>Kirchgesner 2017</a>).</p>",
19,France,France,all,UC,2011,8.23,,,"<p style=""""font-size: 125%"""">Insufficient data were available to conduct a temporal analysis on hospitalization rates for UC; however, in 2011, the secondary discharge rate for UC was estimated at 8.23/100,000 (<a href='https://onlinelibrary.wiley.com/doi/10.1111/apt.13835' target='_blank'>Kirchgesner 2017</a>).</p>",
20,Germany,Germany,prim,IBD,2015,59.3,2.12,increase,"<p style=""""font-size: 125%"""">Data on IBD hospitalizations come from the OECD (<a href='https://www.sciencedirect.com/science/article/abs/pii/S2468125319300135?via%3Dihub' target='_blank'>King 2019</a>), which provides rates for primary discharges spanning 2000â€“2015. In 2015, the hospitalization rate for IBD was 59.3/100,000, which had significantly increased from 46.0/100,000 in 2000 (AAPC: 2.12; 95% CI: 1.76, 2.47).</p>",
20,Germany,Germany,prim,CD,2017,31.54,-3.41,decrease,"<p style=""""font-size: 125%"""">Data on CD hospitalizations come from <a href='https://academic.oup.com/ecco-jcc/article/9/5/390/408933?login=true' target='_blank'>Stallmach 2015</a>, which provides rates for primary discharges spanning 2000â€“2012 and <a href='https://www.ncbi.nlm.nih.gov/pmc/articles/PMC8505365/' target='_blank'>Stoss 2021</a> which provides rates for primary diagnoses spanning 2010-2017. In 2012, the hospitalization rate for CD was 24.7/100,000, which had significantly increased from 22.5/100,000 in 2000 (AAPC: 0.78; 95% CI: 0.14, 1.42) (<a href='' target='_blank'>Stallmach 2015</a>). While the hospitalization rate was 28.49/100,000 in 2010 and 31.54/100,000 in 2017, the rate decreased significantly overall (AAPC: -3.41; 95% CI: -4.63,-2.18) (<a href='https://www.ncbi.nlm.nih.gov/pmc/articles/PMC8505365/' target='_blank'>Stoss 2021</a>). Additionally, the CD primary diagnosis hospitalization rate in 2000 was estimated at 26.4/100,000 (<a href='https://academic.oup.com/ibdjournal/article/16/3/452/4628301?login=true' target='_blank'>Sonnenberg 2010</a>).</p>",
20,Germany,Germany,prim,UC,2012,18.9,1.2,increase,"<p style=""""font-size: 125%"""">Data on UC hospitalizations come from <a href='https://academic.oup.com/ecco-jcc/article/9/5/390/408933?login=true' target='_blank'>Stallmach 2015</a>, which provides rates for primary discharges spanning 2000â€“2012. In 2012, the hospitalization rate for UC was 18.9/100,000, which had significantly increased from 15.8/100,000 in 2000 (AAPC: 1.20; 95% CI: 0.68, 1.73). Additionally, the UC primary diagnosis hospitalization rate in 2000 was estimated at 19.2/100,000 (<a href='https://academic.oup.com/ibdjournal/article/16/3/452/4628301?login=true' target='_blank'>Sonnenberg 2010</a>).</p>",
21,Hungary,Hungary,not,IBD,2015,47.3,-3.4,decrease,"<p style=""""font-size: 125%"""">Data on IBD hospitalizations come from the OECD (<a href='https://www.sciencedirect.com/science/article/abs/pii/S2468125319300135?via%3Dihub' target='_blank'>King 2019</a>), which provides rates for unspecified discharge types spanning 2004â€“2015. In 2015, the hospitalization rate for IBD was 47.3/100,000, which had significantly decreased from 64.2/100,000 in 2004 (AAPC: -3.40; 95% CI: -4.31, -2.49).</p>",
22,Hungary,Veszprem,all,CD,2010,26.9,,,"<p style=""""font-size: 125%"""">Insufficient data were available to conduct a temporal analysis on hospitalization rates for CD; however, in VeszprÃ©m Province, the secondary discharge rate for CD was 29.2/100,000 in 2000; 26.9/100,000 in 2010 (<a href='https://www.wjgnet.com/1007-9327/full/v21/i23/7272.htm' target='_blank'>Golovics 2015</a>).</p>",
23,Hungary,Debrecen,prim,UC,2007,5.2,,,"<p style=""""font-size: 125%"""">Insufficient data were available to conduct a temporal analysis on hospitalization rates for UC; however, in Debrecen, the primary discharge rate for UC was estimated at 5.2/100,000 in 2007 (<a href='https://journals.plos.org/plosone/article?id=10.1371/journal.pone.0194166' target='_blank'>Kovacs 2018</a>).</p>",
24,Iceland,Iceland,prim,IBD,2014,32.4,-4.93,decrease,"<p style=""""font-size: 125%"""">Data on IBD hospitalizations come from the OECD (<a href='https://www.sciencedirect.com/science/article/abs/pii/S2468125319300135?via%3Dihub' target='_blank'>King 2019</a>), which provides rates for primary discharges spanning 2000â€“2014. In 2014, the hospitalization rate for IBD was 32.4/100,000, which had significantly decreased from 48.0/100,000 in 2000 (AAPC: -4.93; 95% CI: -9.45, -0.19).</p>",
25,Ireland,Ireland,prim,IBD,2015,44.3,-0.68,decrease,"<p style=""""font-size: 125%"""">Data on IBD hospitalizations come from the OECD (<a href='https://www.sciencedirect.com/science/article/abs/pii/S2468125319300135?via%3Dihub' target='_blank'>King 2019</a>), which provides rates for primary discharges spanning 2000â€“2015. In 2015, the hospitalization rate for IBD was 44.3/100,000, which had significantly decreased from 44.4/100,000 in 2000 (AAPC: âˆ’0.68; 95% CI: âˆ’1.11, âˆ’0.25).</p>",
25,Ireland,Ireland,prim,CD,2010,30.34,-0.38,stable,"<p style=""""font-size: 125%"""">Data on CD hospitalizations come from <a href='https://link.springer.com/article/10.1007/s00384-013-1698-5' target='_blank'>Burke 2013</a>, which provides rates for primary discharges spanning 2000â€“2010. In 2010, the hospitalization rate for CD was 30.34/100,000, which showed no significant change from 29.78 in 2000 (AAPC: -0.38; 95% CI: -1.61, 0.87).</p>",
25,Ireland,Ireland,not,IBD,2001,93.8,,,"<p style=""""font-size: 125%""""><a href='https://link.springer.com/article/10.1007/BF03168978' target='_blank'>Smyth 2005</a> provides an estimated IBD hospitalization rate of 93.8/100,000 in 2001 for unspecified discharge type.</p>",
25,Ireland,Ireland,not,CD,2001,44.13,,,"<p style=""""font-size: 125%""""><a href='https://link.springer.com/article/10.1007/BF03168978' target='_blank'>Smyth 2005</a> provides an estimated CD hospitalisation rate of 44.13/100,000 in 2001 for unspecified discharge type.</p>",
25,Ireland,Ireland,not,UC,2001,49.71,,,"<p style=""""font-size: 125%"""">Insufficient data were available to conduct a temporal analysis on hospitalization rates for UC; however, in 2001, the hospitalization rate for UC was estimated at 49.71/100,000 for unspecified discharge type (<a href='https://link.springer.com/article/10.1007/BF03168978' target='_blank'>Smyth 2005</a>).</p>",
26,Israel,Israel,prim,IBD,2015,28,1.86,increase,"<p style=""""font-size: 125%"""">Data on IBD hospitalizations come from the OECD (<a href='https://www.sciencedirect.com/science/article/abs/pii/S2468125319300135?via%3Dihub' target='_blank'>King 2019</a>), which provides rates for primary discharges spanning 2000â€“2015. In 2015, the hospitalization rate for IBD was 28.0/100,000, which had significantly increased from 21.3/100,000 in 2000 (AAPC: 1.86; 95% CI: 0.80, 2.93).</p>",
27,Italy,Italy,prim,IBD,2015,26.2,-1.09,decrease,"<p style=""""font-size: 125%"""">Data on IBD hospitalizations come from the OECD (<a href='https://www.sciencedirect.com/science/article/abs/pii/S2468125319300135?via%3Dihub' target='_blank'>King 2019</a>), which provides rates for primary discharges spanning 2001â€“2015. In 2015, the hospitalization rate for IBD was 26.2/100,000, which had significantly decreased from 29.8/100,000 in 2001 (AAPC: -1.09; 95% CI: -1.49, -0.68). Other studies provided insufficient data to complete a temporal analysis. <a href='https://www.karger.com/Article/Abstract/90036' target='_blank'>Soncini 2004</a> and <a href='https://onlinelibrary.wiley.com/doi/10.1111/j.1365-2036.2004.01825.x' target='_blank'>Soncini 2006</a> provided IBD primary discharges hospitalization rates for 2001 of 1.87/100,000 and 1.67/100,000 respectively.</p>",
27,Italy,Italy,prim,CD,2001,0.9,,,"<p style=""""font-size: 125%""""><a href='https://academic.oup.com/ibdjournal/article/15/2/206/4643459?login=true' target='_blank'>Sonnenburg 2010</a> provided CD primary discharge hospitalization rates of 20.3/100,000 in 2000. <a href='https://www.karger.com/Article/Abstract/90036' target='_blank'>Soncini 2004</a> and <a href='https://onlinelibrary.wiley.com/doi/10.1111/j.1365-2036.2004.01825.x' target='_blank'>Soncini 2006</a> provided CD primary discharges hospitalization rates for 2001 of 1.02/100,000 and 0.9/100,000 respectively.</p>",
27,Italy,Italy,prim,UC,2001,0.77,,,"<p style=""""font-size: 125%""""><a href='https://academic.oup.com/ibdjournal/article/15/2/206/4643459?login=true' target='_blank'>Sonnenburg 2010</a> provided UC primary discharge hospitalization rates of 21.6/100,000 in 2000. <a href='https://www.karger.com/Article/Abstract/90036' target='_blank'>Soncini 2004</a> and <a href='https://onlinelibrary.wiley.com/doi/10.1111/j.1365-2036.2004.01825.x' target='_blank'>Soncini 2006</a> provided UC primary discharges hospitalization rates for 2001 of 0.85/100,000 and 0.77/100,000 respectively.</p>",
27,Italy,Italy,all,CD,2011,29.14,-0.42,decrease,"<p style=""""font-size: 125%"""">Data on CD hospitalizations come from <a href='https://academic.oup.com/ecco-jcc/article/9/10/853/424828?login=true' target='_blank'>Meregaglia 2015</a>, which provides rates for secondary discharges spanning 2005â€“2011. In 2011, the hospitalization rate for CD was 29.14/100,000, which had significantly decreased from 29.89/100,000 in 2005 (AAPC: -0.42; 95% CI: -0.77, -0.07).</p>",
27,Italy,Italy,all,UC,2011,30.37,-1.8,decrease,"<p style=""""font-size: 125%"""">Data on UC hospitalizations come from <a href='https://academic.oup.com/ecco-jcc/article/9/10/853/424828?login=true' target='_blank'>Meregaglia 2015</a>, which provides rates for secondary discharges spanning 2005â€“2011. In 2011, the hospitalization rate for UC was 30.37/100,000, which had significantly decreased from 33.99/100,000 in 2005 (AAPC: -1.86; 95% CI: -2.81, -0.90).</p>",
28,Italy,Sicily,prim,IBD,2008,80.08,,,"<p style=""""font-size: 125%""""><a href='https://www.sciencedirect.com/science/article/pii/S1590865819305961?via%3Dihub' target='_blank'>Macaluso 2019</a> provided an IBD primary discharge rate for Sicily of 80.08/100,000 in 2008.</p>",
28,Italy,Sicily,prim,CD,2008,40.23,,,"<p style=""""font-size: 125%""""><a href='https://www.sciencedirect.com/science/article/pii/S1590865819305961?via%3Dihub' target='_blank'>Macaluso 2019</a> provided a CD primary discharge rate for Sicily of 40.23/100,000 in 2008.</p>",
28,Italy,Sicily,prim,UC,2008,39.85,,,"<p style=""""font-size: 125%""""><a href='https://www.sciencedirect.com/science/article/pii/S1590865819305961?via%3Dihub' target='_blank'>Macaluso 2019</a> provided a UC primary discharge rate for Sicily of 39.85/100,000 in 2008.</p>",
28,Italy,Sicily,all,IBD,2008,116.19,,,"<p style=""""font-size: 125%""""><a href='https://www.sciencedirect.com/science/article/pii/S1590865819305961?via%3Dihub' target='_blank'>Macaluso 2019</a> provided an IBD all cause discharge rate for Sicily of 116.19/100,000 in 2008.</p>",
28,Italy,Sicily,all,CD,2008,55.81,,,"<p style=""""font-size: 125%""""><a href='https://www.sciencedirect.com/science/article/pii/S1590865819305961?via%3Dihub' target='_blank'>Macaluso 2019</a> provided a CD all cause discharge rate for Sicily of 55.81/100,000 in 2008.</p>",
28,Italy,Sicily,all,UC,2008,60.36,,,"<p style=""""font-size: 125%""""><a href='https://www.sciencedirect.com/science/article/pii/S1590865819305961?via%3Dihub' target='_blank'>Macaluso 2019</a> provided a UC all cause discharge rate for Sicily of 60.36/100,000 in 2008.</p>",
29,Italy,Sardinia,prim,IBD,2005,49.28,,,"<p style=""""font-size: 125%""""><a href='https://www.sciencedirect.com/science/article/pii/S1590865819305961?via%3Dihub' target='_blank'>Macaluso 2019</a> provided an IBD primary discharge rate for Sardinia of 49.28/100,000 in 2005.</p>",
29,Italy,Sardinia,prim,CD,2005,21.78,,,"<p style=""""font-size: 125%""""><a href='https://www.sciencedirect.com/science/article/pii/S1590865819305961?via%3Dihub' target='_blank'>Macaluso 2019</a> provided a CD primary discharge rate for Sardinia of 21.78/100,000 in 2005.</p>",
29,Italy,Sardinia,prim,UC,2005,27.5,,,"<p style=""""font-size: 125%""""><a href='https://www.sciencedirect.com/science/article/pii/S1590865819305961?via%3Dihub' target='_blank'>Macaluso 2019</a> provided a UC primary discharge rate for Sardinia of 27.50/100,000 in 2005.</p>",
29,Italy,Sardinia,all,IBD,2005,76.62,,,"<p style=""""font-size: 125%""""><a href='https://www.sciencedirect.com/science/article/pii/S1590865819305961?via%3Dihub' target='_blank'>Macaluso 2019</a> provided an IBD all cause discharge rate for Sardinia of 76.62/100,000 in 2005.</p>",
29,Italy,Sardinia,all,CD,2005,32.45,,,"<p style=""""font-size: 125%""""><a href='https://www.sciencedirect.com/science/article/pii/S1590865819305961?via%3Dihub' target='_blank'>Macaluso 2019</a> provided a CD all cause discharge rate for Sardinia of 32.45/100,000 in 2005.</p>",
29,Italy,Sardinia,all,UC,2005,42.78,,,"<p style=""""font-size: 125%""""><a href='https://www.sciencedirect.com/science/article/pii/S1590865819305961?via%3Dihub' target='_blank'>Macaluso 2019</a> provided a UC all cause discharge rate for Sardinia of 42.78/100,000 in 2005.</p>",
30,Japan,Japan,not,IBD,2014,28.2,2.86,increase,"<p style=""""font-size: 125%"""">Data on IBD hospitalizations come from the OECD (<a href='https://www.sciencedirect.com/science/article/abs/pii/S2468125319300135?via%3Dihub' target='_blank'>King 2019</a>), which provides rates for unspecified discharge types spanning 2002â€“2014 [data available from 1993â€“2014]. In 2014, the hospitalization rate for IBD was 28.2/100,000, which had significantly increased from 19.9/100,000 in 2002 (AAPC: 2.86; 95% CI: 1.20, 4.55).</p>",
31,Latvia,Latvia,not,IBD,2015,19.9,,,"<p style=""""font-size: 125%"""">Insufficient data were available to conduct a temporal analysis on hospitalization rates for IBD; however, the hospitalization rate was estimated to be 19.0/100,000 in 2013, and 19.9/100,000 in 2015 (<a href='https://www.sciencedirect.com/science/article/abs/pii/S2468125319300135?via%3Dihub' target='_blank'>King 2019</a>).</p>",
32,Lithuania,Lithuania,not,IBD,2015,25.8,,,"<p style=""""font-size: 125%"""">Insufficient data were available to conduct a temporal analysis on hospitalization rates for IBD: however, the OECD (<a href='https://www.sciencedirect.com/science/article/abs/pii/S2468125319300135?via%3Dihub' target='_blank'>King 2019</a>) provides rates for unspecified discharges of 25.4/100,000 in 2013 and 25.8/100,000 in 2015.</p>",
33,Luxembourg,Luxembourg,not,IBD,2015,29.6,-2.71,decrease,"<p style=""""font-size: 125%"""">Data on IBD hospitalizations come from the OECD (<a href='https://www.sciencedirect.com/science/article/abs/pii/S2468125319300135?via%3Dihub' target='_blank'>King 2019</a>), which provides rates for unspecified discharges spanning 2000â€“2015. In 2015, the hospitalization rate for IBD was 29.6/100,000, which had significantly decreased from 47.3/100,000 in 2000 (AAPC: -2.71; 95% CI: -3.79, -1.62).</p>",
34,Malaysia,Malaysia,prim,CD,2001,0.05,,,"<p style=""""font-size: 125%"""">Insufficient data were available to conduct a temporal analysis on hospitalization rates for CD; however, in 2001, the primary discharge rate for CD was estimated at 0.05/100,000 (<a href='https://www.wjgnet.com/1007-9327/full/v12/i9/1435.htm' target='_blank'>Hilmi 2006</a>).</p>",
35,Mexico,Mexico,prim,IBD,2015,1.7,5.78,increase,"<p style=""""font-size: 125%""""><a href='https://www.hindawi.com/journals/cjgh/2020/8825330/' target='_blank'>Sarmiento-Aguilar 2020</a> provided rates for primary discharges for IBD hospitalization with 1.00/100,000 in 2004 and 1.70/100,000 in 2015 (AAPC: 5.78; 95% CI: 4.14, 7.44).</p>",
35,Mexico,Mexico,prim,CD,2015,0.4,5.21,increase,"<p style=""""font-size: 125%"""">Data on CD hospitalizations come from <a href='https://www.hindawi.com/journals/cjgh/2020/8825330/' target='_blank'>Sarmiento-Aguilar 2020</a>, which provides rates for primary discharges spanning 2004â€“2015. In 2015, the hospitalization rate for CD was 0.40/100,000, which had increased significantly from 0.24/100,000 in 2004 (AAPC: 5.21; 95% CI: 3.07, 7.39).</p>",
35,Mexico,Mexico,prim,UC,2015,1.29,5.96,stable,"<p style=""""font-size: 125%"""">Data on UC hospitalizations come from <a href='https://www.hindawi.com/journals/cjgh/2020/8825330/' target='_blank'>Sarmiento-Aguilar 2020</a>, which provides rates for primary discharges spanning 2004â€“2015. In 2015, the hospitalization rate for UC was 1.29/100,000, which had increased non-significantly from 0.75/100,000 in 2004 (AAPC: 5.96; 95% CI: 4.30, 7.64).</p>",
35,Mexico,Mexico,not,IBD,2015,1.7,3.67,increase,"<p style=""""font-size: 125%"""">Data on IBD hospitalizations come from the OECD (<a href='https://www.sciencedirect.com/science/article/abs/pii/S2468125319300135?via%3Dihub' target='_blank'>King 2019</a>), which provides rates for unspecified discharges spanning 2000â€“2015. In 2015, the hospitalization rate for IBD was 1.7/100,000, which had significantly increased from 1.0/100,000 in 2000 (AAPC: 3.67; 95% CI: 2.80, 4.55). Additionally, <a href='https://www.sciencedirect.com/science/article/pii/S0375090620300100?via%3Dihub' target='_blank'>Yamamoto-Furusho 2020</a> provided an undefined IBD hospitalizationrate of 5.34/100,000 in 2015.</p>",
35,Mexico,Mexico,not,CD,2015,0.91,,,"<p style=""""font-size: 125%""""><a href='https://www.sciencedirect.com/science/article/pii/S0375090620300100?via%3Dihub' target='_blank'>Yamamoto-Furusho 2020</a> provided a CD hospitalization rate of 0.91/100,000 in 2015 (discharge type not stated).</p>",
35,Mexico,Mexico,not,UC,2015,4.43,,,"<p style=""""font-size: 125%""""><a href='https://www.sciencedirect.com/science/article/pii/S0375090620300100?via%3Dihub' target='_blank'>Yamamoto-Furusho 2020</a> provided UC hospitalization rate of 4.43/100,000 in 2015 (discharge type not stated).</p>",
36,Netherlands,Netherlands,prim,IBD,2012,30.8,3.25,increase,"<p style=""""font-size: 125%"""">Data on IBD hospitalizations come from the OECD (<a href='https://www.sciencedirect.com/science/article/abs/pii/S2468125319300135?via%3Dihub' target='_blank'>King 2019</a>), which provides rates for primary discharges spanning 2000â€“2012 [data available from 1990â€“2012]. In 2012, the hospitalization rate for IBD was 30.8/100,000, which had significantly increased from 22.4/100,000 in 2000 (AAPC: 3.25; 95% CI: 2.73, 3.78).</p>",
36,Netherlands,Netherlands,prim,CD,2000,14.4,,,"<p style=""""font-size: 125%"""">Insufficient data were available to conduct a temporal analysis on hospitalization rates for CD; however, in 2000, the primary discharge rate for CD was estimated at 14.4/100,000 (<a href='https://academic.oup.com/ibdjournal/article/16/3/452/4628301?login=true' target='_blank'>Sonnenberg 2010</a>).</p>",
36,Netherlands,Netherlands,prim,UC,2000,8.9,,,"<p style=""""font-size: 125%"""">Insufficient data were available to conduct a temporal analysis on hospitalization rates for UC; however, in 2000, the primary discharge rate for UC was estimated at 8.9/100,000 (<a href='https://academic.oup.com/ibdjournal/article/16/3/452/4628301?login=true' target='_blank'>Sonnenberg 2010</a>.</p>",
36,Netherlands,Netherlands,all,CD,2003,13.64,,,"<p style=""""font-size: 125%"""">In 2003, the secondary discharge rate for CD was estimated at 13.64/100,000 (<a href='https://academic.oup.com/ibdjournal/article/21/12/2825/4579203?login=true' target='_blank'>Trier Moller 2015</a>).</p>",
36,Netherlands,Netherlands,all,UC,2003,16.38,,,"<p style=""""font-size: 125%"""">In 2003, the secondary discharge rate for UC was estimated at 16.38/100,000 (<a href='https://academic.oup.com/ibdjournal/article/21/12/2825/4579203?login=true' target='_blank'>Trier Moller 2015</a>).</p>",
37,Netherlands,Limburg,not,CD,2001,10.11,,,"<p style=""""font-size: 125%"""">Insufficient data were available to conduct a temporal analysis on hospitalization rates for CD; however, in 2001, the undefined hospitalization rate for CD was estimated at 10.11/100,000 (<a href='https://journals.lww.com/ajg/Fulltext/2017/02000/Improvements_in_the_Long_Term_Outcome_of_Crohn_s.25.aspx' target='_blank'>Jeuring 2017</a>).</p>",
38,New Zealand,New Zealand,not,IBD,2014,27.7,1.75,increase,"<p style=""""font-size: 125%"""">Data on IBD hospitalizations come from the OECD (<a href='https://www.sciencedirect.com/science/article/abs/pii/S2468125319300135?via%3Dihub' target='_blank'>King 2019</a>), which provides rates for unspecified discharge types spanning 2000â€“2014. In 2014, the hospitalization rate for IBD was 27.7/100,000, which had significantly increased from 20.0/100,000 in 2000 (AAPC: 1.75; 95% CI: 1.24, 2.25).</p>",
39,Norway,Norway,not,IBD,2015,58.4,-1.53,decrease,"<p style=""""font-size: 125%"""">Data on IBD hospitalizations come from the OECD (<a href='https://www.sciencedirect.com/science/article/abs/pii/S2468125319300135?via%3Dihub' target='_blank'>King 2019</a>), which provides rates for unspecified discharge type spanning 2000â€“2015. In 2015, the hospitalization rate for IBD was 58.4/100,000, which had significantly decreased from 65.4/100,000 in 2000 (AAPC: -1.53; 95% CI: -2.23, -0.82).</p>",
40,Poland,Poland,prim,IBD,2007,30.61,9.72,increase,"<p style=""""font-size: 125%"""">Data on IBD hospitalizations come from the OECD (<a href='https://www.sciencedirect.com/science/article/abs/pii/S2468125319300135?via%3Dihub' target='_blank'>King 2019</a>), which provides rates for primary discharges spanning 2003â€“2015. In 2015, the hospitalization rate for IBD was 45.0/100,000, which had significantly increased from 20.1/100,000 in 2003 (AAPC: 6.15; 95% CI: 5.21, 7.09). <a href='https://www.mp.pl/paim/issue/article/2188/' target='_blank'>Jakubowski 2014</a> also provides rates on primary IBD hospitalizations spanning 2003 (21.26/100,000) to 2007 (30.61/100,000), which also displays a significant increase (AAPC: 9.72; 95% CI: 6.96, 12.55).</p>",
40,Poland,Poland,prim,CD,2007,9.35,19.6,increase,"<p style=""""font-size: 125%"""">Data on CD hospitalizations come from <a href='https://www.mp.pl/paim/issue/article/2188/' target='_blank'>Jakubowski 2014</a>, which provides rates for primary discharges spanning 2003â€“2007. In 2007, the hospitalization rate for CD was 9.35/100,000, which had significantly increased from 4.8/100,000 in 2003 (AAPC: 19.60; 95% CI: 16.36, 22.94).</p>",
40,Poland,Poland,prim,UC,2007,21.26,6.37,increase,"<p style=""""font-size: 125%"""">Data on UC hospitalizations come from <a href='https://www.mp.pl/paim/issue/article/2188/' target='_blank'>Jakubowski 2014</a>, which provides rates for primary discharges spanning 2003â€“2007. In 2007, the hospitalization rate for UC was 21.26/100,000, which had significantly increased from 16.46/100,000 in 2003 (AAPC: 6.37; 95% CI: 3.13, 9.72).</p>",
40,Poland,Poland,not,IBD,2005,57.9,,,"<p style=""""font-size: 125%""""><a href='http://www.aaem.pl/Estimation-of-reference-intervals-of-insulin-resistance-HOMA-insulin-sensitivity,109225,0,2.html' target='_blank'>Skrzydlo-Radomanska 2008</a> reported the undefined hospitalization rates of 30.65/100,000 in 2001 and 57.9/100,000 in 2005.</p>",
41,Portugal,Portugal,prim,IBD,2015,15.93,1.87,increase,"<p style=""""font-size: 125%"""">Data on IBD hospitalizations come from the <a href='https://www.sciencedirect.com/science/article/pii/S1590865819300519?via%3Dihub' target='_blank'>Dias 2019</a>, which provides rates for primary discharges spanning 2000â€“2015. In 2015, the hospitalization rate for IBD was 15.93/100,000, which had significantly increased from 12.61/100,000 in 2000 (AAPC: 1.87; 95% CI: 1.29, 2.45).</p>",
41,Portugal,Portugal,prim,CD,2015,11.19,2.05,increase,"<p style=""""font-size: 125%"""">Data on CD hospitalizations come from <a href='https://www.sciencedirect.com/science/article/pii/S1590865819300519?via%3Dihub' target='_blank'>Dias 2019</a>, which provides rates for primary discharges spanning 2000â€“2015. In 2015, the hospitalization rate for CD was 11.19/100,000, which had significantly increased from 8.15/100,000 in 2000 (AACP: 2.05; 95% CI: 1.25, 2.84).</p>",
41,Portugal,Portugal,prim,UC,2015,4.79,1.69,increase,"<p style=""""font-size: 125%"""">Data on UC hospitalizations come from <a href='https://www.sciencedirect.com/science/article/pii/S1590865819300519?via%3Dihub' target='_blank'>Dias 2019</a>, which provides rates for primary discharges spanning 2000â€“2015. In 2015, the hospitalization rate for UC was 4.79/100,000, which had significantly increased from 4.14/100,000 in 2000 (AAPC: 1.69; 95% CI: 0.99, 2.39).</p>",
41,Portugal,Portugal,not,IBD,2015,16.2,1.97,increase,"<p style=""""font-size: 125%""""><a href='https://www.sciencedirect.com/science/article/abs/pii/S2468125319300135?via%3Dihub' target='_blank'>King 2019</a> reported unspecified IBD hospitalization rates that increased significantly between 2000 (12.6/100,000) and 2015 (16.2/100,000) (AAPC: 1.97; 95% CI: 1.37, 2.58).</p>",
42,San Marino,San Marino,not,IBD,1997,54.26,,,"<p style=""""font-size: 125%"""">Insufficient data were available to conduct a temporal analysis; however, In 1997, the undefined hospitalization rate for IBD was 54.26/100,000 (<a href='https://www.sciencedirect.com/science/article/pii/S1590865818308971?via%3Dihub' target='_blank'>Piscaglia 2019</a>).</p>",
42,San Marino,San Marino,not,CD,1997,25.41,,,"<p style=""""font-size: 125%"""">Insufficient data were available to conduct a temporal analysis; however, In 1997, the undefined hospitalization rate for CD was 25.41/100,000 (<a href='https://www.sciencedirect.com/science/article/pii/S1590865818308971?via%3Dihub' target='_blank'>Piscaglia 2019</a>).</p>",
42,San Marino,San Marino,not,UC,1997,28.86,,,"<p style=""""font-size: 125%"""">Insufficient data were available to conduct a temporal analysis; however, In 1997, the undefined hospitalization rate for UC was 28.86/100,000 (<a href='https://www.sciencedirect.com/science/article/pii/S1590865818308971?via%3Dihub' target='_blank'>Piscaglia 2019</a>).</p>",
43,Scotland,Scotland,prim,IBD,2019,29,-6.73,decrease,"<p style=""""font-size: 125%"""">Data on IBD hospitalizations come from <a href='https://onlinelibrary.wiley.com/doi/10.1111/apt.16867' target='_blank'>Lyons 2022</a>, which provides rates for primary discharges spanning 2010â€“2019. In 2019, the hospitalization rate for IBD was 29.00/100,000, which had significantly decreased from 44.42/100,000 in 2010 (AAPC: -6.73; 95% CI: -8.26, -5.18).</p>","<p style=""font-size: 125%"">Data on IBD hospitalizations come from <a href='https://onlinelibrary.wiley.com/doi/10.1111/apt.16867' target='_blank'>Lyons 2022</a>, which provides rates for primary discharges spanning 2010Ð2019. In 2019, the hospitalization rate for IBD was 3.26/100 IBD patients, which had significantly decreased from 6.22/100 IBD patients in 2010 (AAPC: -6.75; 95% CI: -7.93, -5.55).</p>"
43,Scotland,Scotland,prim,CD,2019,15.34,-7.44,decrease,"<p style=""""font-size: 125%"""">Data on CD hospitalizations come from <a href='https://onlinelibrary.wiley.com/doi/10.1111/apt.16867' target='_blank'>Lyons 2022</a>, which provides rates for primary discharges spanning 2010â€“2019. In 2019, the hospitalization rate for CD was 15.34/100,000, which had significantly decreased from 24.71/100,000 in 2010 (AAPC: -7.44; 95% CI: -9.35, -5.49).</p>",
43,Scotland,Scotland,prim,UC,2019,12.13,-6.57,decrease,"<p style=""""font-size: 125%"""">Data on UC hospitalizations come from <a href='https://onlinelibrary.wiley.com/doi/10.1111/apt.16867' target='_blank'>Lyons 2022</a>, which provides rates for primary discharges spanning 2010â€“2019. In 2019, the hospitalization rate for UC was 12.13/100,000, which had significantly decreased from 18.77/100,000 in 2010 (AAPC: -6.57; 95% CI: -8.55, -4.56).</p>",
43,Scotland,Scotland,all,IBD,2003,24.73,,,"<p style=""""font-size: 125%"""">In 2003, the secondary discharge rate for IBD was estimated at 24.73/100,000 (<a href='https://journals.lww.com/eurojgh/Fulltext/2010/01000/Temporal_changes_in_the_age_distribution_of.14.aspx' target='_blank'>Sonnenberg 2010a</a>).</p>",
43,Scotland,Scotland,all,CD,2003,9.93,,,"<p style=""""font-size: 125%"""">In 2003, the secondary discharge rate for CD was estimated at 9.93/100,000 (<a href='https://journals.lww.com/eurojgh/Fulltext/2010/01000/Temporal_changes_in_the_age_distribution_of.14.aspx' target='_blank'>Sonnenberg 2010a</a>).</p>",
43,Scotland,Scotland,all,UC,2003,14.81,,,"<p style=""""font-size: 125%"""">In 2003, the secondary discharge rate for UC was estimated at 14.81/100,000 (<a href='https://journals.lww.com/eurojgh/Fulltext/2010/01000/Temporal_changes_in_the_age_distribution_of.14.aspx' target='_blank'>Sonnenberg 2010a</a>).</p>",
44,Slovakia,Slovakia,prim,IBD,2015,25.6,0.31,stable,"<p style=""""font-size: 125%"""">Data on IBD hospitalizations come from the OECD (<a href='https://www.sciencedirect.com/science/article/abs/pii/S2468125319300135?via%3Dihub' target='_blank'>King 2019</a>), which provides rates for primary discharges spanning 2000â€“2015. In 2015, the hospitalization rate for IBD was 25.6/100,000, which had not significantly changed from 20.2/100,000 in 2000 (AAPC: 0.31; 95% CI: -0.80, 1.44).</p>",
45,Slovenia,Slovenia,prim,IBD,2015,41.7,1.85,increase,"<p style=""""font-size: 125%"""">Data on IBD hospitalizations come from the OECD (<a href='https://www.sciencedirect.com/science/article/abs/pii/S2468125319300135?via%3Dihub' target='_blank'>King 2019</a>), which provides rates for primary discharges spanning 2000â€“2015. In 2015, the hospitalization rate for IBD was 41.7/100,000, which had significantly increased from 29.0/100,000 in 2000 (AAPC: 1.85; 95% CI: 1.18, 2.52).</p>",
46,South Korea,South Korea,not,IBD,2015,19.5,6.71,increase,"<p style=""""font-size: 125%"""">Data on IBD hospitalizations come from the OECD (<a href='https://www.sciencedirect.com/science/article/abs/pii/S2468125319300135?via%3Dihub' target='_blank'>King 2019</a>), which provides rates for unspecified discharge types spanning 2002â€“2015 [data available from 1996â€“2014]. In 2015, the hospitalization rate for IBD was 19.5/100,000, which had significantly increased from 8.2/100,000 in 2002 (AAPC: 6.71; 95% CI: 5.99, 7.44)</p>",
48,Spain,Catalonia,prim,CD,2017,14.83,5.34,increase,"<p style=""""font-size: 125%""""><a href='https://www.mdpi.com/2077-0383/9/9/2896' target='_blank'>Brunet 2020</a> provides CD hospitalization rates for Catalonia spanning 2011-2017. In 2017, the primary discharge rate was 14.83/100,000 which had significantly increased from 10.55/100,000 in 2011 (AAPC: 5.34; 95% CI 4.07, 6.62).</p>","<p style=""font-size: 125%""><a href='https://www.mdpi.com/2077-0383/9/9/2896' target='_blank'>Brunet 2020</a> provides CD hospitalization rates for Catalonia spanning 2011-2017. In 2017, the primary discharge rate was 7.22/100 CD patients which had significantly decreased from 9.27/100 CD patients in 2011 (AAPC: -4.38; 95% CI -5.50, -3.25). However, the all-cause discharge rate significantly increased between 2011 (27.28/100 CD patients) and 2017 (29.16/100 CD patients) (AAPC: 1.57; 95% CI: 0.55, 2.61).</p>"
48,Spain,Catalonia,all,CD,2017,59.92,11.9,increase,"<p style=""""font-size: 125%""""><a href='https://www.mdpi.com/2077-0383/9/9/2896' target='_blank'>Brunet 2020</a> provides CD hospitalization rates for Catalonia spanning 2011-2017. The all-cause discharge rate significantly incrased between 2011 (31.06/100,000) and 2017 (59.92/100,000) (AAPC: 11.90; 95% CI: 10.89, 12.93).</p>",
49,Spain,Spain,prim,IBD,2015,24,0.95,increase,"<p style=""""font-size: 125%"""">Data on IBD hospitalizations come from the OECD (<a href='https://www.sciencedirect.com/science/article/abs/pii/S2468125319300135?via%3Dihub' target='_blank'>King 2019</a>), which provides rates for primary discharges spanning 2000â€“2015. In 2015, the hospitalization rate for IBD was 24.0/100,000, which had significantly increased from 17.1/100,000 in 2000 (AAPC: 0.95; 95% CI: 0.20, 1.71).</p>","<p style=""font-size: 125%"">Data on IBD hospitalizations come from <a href='https://pubmed.ncbi.nlm.nih.gov/22300112/' target='_blank'>Casellas-Jorda 2012</a>), which provides rates for all cause discharges spanning 2000Ð2008. In 2008, the hospitalization rate for IBD was 13.87/100 IBD patients, which had significantly decreased from 34.40/100 IBD patients in 2000 (AAPC: -8.77; 95% CI: -11.11, -6.36).</p>"
49,Spain,Spain,prim,CD,2012,13,0.58,stable,"<p style=""""font-size: 125%"""">Data on CD hospitalizations come from <a href='http://www.ghrnet.org/index.php/joghr/article/view/2136' target='_blank'>Gil-Prieto 2017</a>, which provides rates for primary discharges spanning 2000â€“2012. In 2012, the hospitalization rate for CD was 13.0/100,000, which was not significantly different from 12.5/100,000 in 2000 (AAPC: 0.58; 95% CI: -0.01, 1.16). Additionally, <a href='https://academic.oup.com/ibdjournal/article/16/3/452/4628301?login=true' target='_blank'>Sonnenberg 2010</a> reports a  CD primary diagnosis hospitalization rate estimate of 12.2/100,000 in 2000.</p>",
49,Spain,Spain,prim,UC,2012,3.6,0.06,stable,"<p style=""""font-size: 125%"""">Data on UC hospitalizations come from <a href='http://www.ghrnet.org/index.php/joghr/article/view/2136' target='_blank'>Gil-Prieto 2017</a>, which provides rates for primary discharges spanning 2000â€“2012. In 2012, the hospitalization rate for UC was 3.6/100,000, which was unchanged from 2000 (AAPC: 0.06; 95% CI: -0.70, 0.84). Additionally, <a href='https://academic.oup.com/ibdjournal/article/16/3/452/4628301?login=true' target='_blank'>Sonnenberg 2010</a> reports a  UC primary diagnosis hospitalization rate estimate of 7.5/100,000 in 2000.</p>",
49,Spain,Spain,all,IBD,2008,56.93,4.18,increase,"<p style=""""font-size: 125%""""><a href='https://scielo.isciii.es/scielo.php?script=sci_arttext&pid=S1130-01082012000100004&lng=en&nrm=iso&tlng=en' target='_blank'>Casellas-Jorda 2012</a> provides IBD hospitalization rates for secondary discharges spanning 2000â€“2008. In 2008, the hospitalization rate for IBD was 56.93/100,000, which had significantly increased from 48.99/100,000 in 2000 (AAPC: 4.18; 95% CI: 1.05, 7.41).</p>",
50,Sweden,Sweden,prim,CD,2000,23.3,,,"<p style=""""font-size: 125%"""">Insufficient data were available to conduct a temporal analysis on hospitalization rates for CD; however, in 2000, the primary discharge rate for CD was estimated at 23.3/100,000 (<a href='https://academic.oup.com/ibdjournal/article/16/3/452/4628301?login=true' target='_blank'>Sonnenberg 2010</a>).</p>",
50,Sweden,Sweden,prim,UC,2000,22.4,,,"<p style=""""font-size: 125%"""">Insufficient data were available to conduct a temporal analysis on hospitalization rates for UC; however, in 2000, the primary discharge rate for UC was estimated at 22.4/100,000 (<a href='https://academic.oup.com/ibdjournal/article/16/3/452/4628301?login=true' target='_blank'>Sonnenberg 2010</a>).</p>",
50,Sweden,Sweden,not,IBD,2015,43.7,-2.35,decrease,"<p style=""""font-size: 125%"""">Data on IBD hospitalizations come from the OECD (<a href='https://www.sciencedirect.com/science/article/abs/pii/S2468125319300135?via%3Dihub' target='_blank'>King 2019</a>), which provides rates for unspecified discharge types spanning 2000â€“2015. In 2015, the hospitalization rate for IBD was 43.7/100,000, which had significantly decreased from 67.5/100,000 in 2000 (AAPC: -2.35; 95% CI: -2.87, -1.84).</p>",
51,Switzerland,Switzerland,prim,IBD,2015,21.5,0.68,increase,"<p style=""""font-size: 125%"""">Data on IBD hospitalizations come from the OECD (<a href='https://www.sciencedirect.com/science/article/abs/pii/S2468125319300135?via%3Dihub' target='_blank'>King 2019</a>), which provides rates for primary discharges spanning 2002â€“2016. In 2015, the hospitalization rate for IBD was 21.5/100,000, which had significantly increased from 19.3/100,000 in 2002 (AAPC: 0.68; 95% CI: 0.16, 1.21).</p>",
51,Switzerland,Switzerland,prim,CD,2000,13.1,,,"<p style=""""font-size: 125%"""">Insufficient data were available to conduct a temporal analysis on hospitalization rates for CD; however, in 2000, the primary discharge rate for CD was estimated at 13.1/100,000 (<a href='https://academic.oup.com/ibdjournal/article/16/3/452/4628301?login=true' target='_blank'>Sonnenberg 2010</a>).</p>",
51,Switzerland,Switzerland,prim,UC,2000,8.4,,,"<p style=""""font-size: 125%"""">Insufficient data were available to conduct a temporal analysis on hospitalization rates for UC; however, in 2000, the primary discharge rate for UC was estimated at 8.4/100,000 (<a href='https://academic.oup.com/ibdjournal/article/16/3/452/4628301?login=true' target='_blank'>Sonnenberg 2010</a>).</p>",
51,Switzerland,Switzerland,all,IBD,2014,29.67,,,"<p style=""""font-size: 125%""""><a href='https://journals.lww.com/eurojgh/Fulltext/2018/08000/Systematic_analysis_of_annual_health_resource.10.aspx' target='_blank'>Schoepfer et al. 2018</a>) estimate the all-cause discharge rate for IBD in 2014 to be 29.67/100,000, though insufficient data were available to conduct a temporal analysis.</p>",
51,Switzerland,Switzerland,all,CD,2014,17.5,,,"<p style=""""font-size: 125%"""">In 2014, the secondary discharge rate for CD was estimated at 17.5/100,000 (<a href='https://journals.lww.com/eurojgh/Fulltext/2018/08000/Systematic_analysis_of_annual_health_resource.10.aspx' target='_blank'>Schoepfer 2018</a>).</p>",
51,Switzerland,Switzerland,all,UC,2014,12.17,,,"<p style=""""font-size: 125%"""">In 2014, the secondary discharge rate for UC was estimated at 12.17/100,000 (<a href='https://journals.lww.com/eurojgh/Fulltext/2018/08000/Systematic_analysis_of_annual_health_resource.10.aspx' target='_blank'>Schoepfer 2018</a>).</p>",
52,Turkey,Turkey,not,IBD,2015,12.9,10.38,increase,"<p style=""""font-size: 125%"""">Data on IBD hospitalizations come from the OECD (<a href='https://www.sciencedirect.com/science/article/abs/pii/S2468125319300135?via%3Dihub' target='_blank'>King 2019</a>), which provides rates for unspecified discharge types spanning 2011â€“2015. In 2015, the hospitalization rate for IBD was 12.9/100,000, which had significantly increased from 8.7/100,000 in 2011 (AAPC: 10.38; 95% CI: 7.80, 13.03).</p>",
53,Turkey,ANKARA,not,IBD,2010,2.44,,,"<p style=""""font-size: 125%"""">Insufficient data were available to conduct a temporal analysis on hospitalization rates for IBD; however, in 2010, the hospitalization rate for unspecified discharge types was estimated at 2.44/100,000 in the Ankara region (<a href='https://pubmed.ncbi.nlm.nih.gov/30350524/' target='_blank'>Yuksel 2018</a>).</p>",
53,Turkey,ANKARA,not,CD,2010,1.53,,,"<p style=""""font-size: 125%"""">Insufficient data were available to conduct a temporal analysis on hospitalization rates for CD; however, in 2010, the hospitalization rate for unspecified discharge types was estimated at 1.53/100,000 in the Ankara region (<a href='https://pubmed.ncbi.nlm.nih.gov/30350524/' target='_blank'>Yuksel 2018</a>).</p>",
53,Turkey,ANKARA,not,UC,2010,0.8,,,"<p style=""""font-size: 125%"""">Insufficient data were available to conduct a temporal analysis on hospitalization rates for UC; however, in 2010, the hospitalization rate for unspecified discharge types was estimated at 0.8/100,000 in the Ankara region (<a href='https://pubmed.ncbi.nlm.nih.gov/30350524/' target='_blank'>Yuksel 2018</a>).</p>",
54,United Kingdom,United Kingdom,not,IBD,2015,41.6,1.1,increase,"<p style=""""font-size: 125%"""">Data on IBD hospitalizations come from the OECD (<a href='https://www.sciencedirect.com/science/article/abs/pii/S2468125319300135?via%3Dihub' target='_blank'>King 2019</a>), which provides rates for unspecified discharge types spanning 2000â€“2015. In 2015, the hospitalization rate for IBD was 41.6/100,000, which had significantly increased from 34.6/100,000 in 2000 (AAPC: 1.10; 95% CI: 0.90, 1.29).</p>",
55,United States,United States,prim,IBD,2016,29.71,0.68,increase,"<p style=""""font-size: 125%"""">Data on IBD hospitalizations come from 19 studies using estimated national data and spanning 1998â€“2018. A subset of these studies provide enough data for temporal analysis. A recent study showed the primary discharge rate to increase significantly from 27.05/100,000 in 2005, to 29.71/100,000 in 2016 (AAPC: 0.68; 95% CI: 0.06, 1.31) (<a href='https://www.ncbi.nlm.nih.gov/pmc/articles/PMC8011653/' target='_blank'>Ma 2020</a>).<br><br>

See also: <a href=""""http://dx.doi.org/10.1002/ibd.20250"""" target=""""_blank"""">Nguyen 2007</a>, <a href=""""https://dx.doi.org/10.1111/j.1572-0241.2008.02054.x"""" target=""""_blank"""">Ananthakrishnan 2008</a>, <a href=""""http://dx.doi.org/10.1007/s10620-010-1433-9"""" target=""""_blank"""">Ananthakrishnan 2011a</a>, <a href=""""https://dx.doi.org/10.1016/j.crohns.2011.01.011"""" target=""""_blank"""">Sridhar 2011</a>, <a href=""""https://dx.doi.org/10.1097/MIB.0000000000000899"""" target=""""_blank"""">Barnes 2016</a>, <a href="""""""" target=""""_blank"""">Marchioni 2017</a>, <a href=""""https://dx.doi.org/10.1093/ibd/izy086"""" target=""""_blank"""">Barber 2018</a>, <a href=""""https://dx.doi.org/10.1093/ecco-jcc/jjy062"""" target=""""_blank"""">Cohen-Mekelburg 2018</a>, <a href=""""https://dx.doi.org/10.1111/ijd.13932"""" target=""""_blank"""">Ramos-Rodriguez 2018</a>, <a  href=""""https://dx.doi.org/10.1097/MEG.0000000000001185"""" target=""""_blank"""">Rezapour 2018</a>, <a href=""""https://dx.doi.org/10.1093/ibd/izz089"""" target=""""_blank"""">Dalal 2019</a>,  <a href=""""https://dx.doi.org/10.1097/MCG.0000000000001204"""" target=""""_blank"""">Galoosian 2009</a>, <a href=""""https://dx.doi.org/10.5217/ir.2021.00046"""" target=""""_blank"""">Dahiya 2021</a>, <a href=""""https://dx.doi.org/10.1080/20016689.2021.1912924"""" target=""""_blank"""">Ding 2021</a></p>",
55,United States,United States,prim,CD,2018,17.3,-0.76,decrease,"<p style=""""font-size: 125%"""">Data on CD hospitalizations come from 29 studies using estimated national data and spanning 1990â€“2018. A subset of these studies provide enough data for temporal analysis. According to <a href='https://www.ncbi.nlm.nih.gov/pmc/articles/PMC8366929/' target='_blank'>Kichloo 2021</a>, in 2018, the CD hospitalization rate for primary discharges was 17.30/100,000, which had significantly decreased from 19.24/100,000 in 2008 (AAPC: -0.76; 95% CI: -1.23, -0.30).<br><br>

See also: <a href=""""https://dx.doi.org/10.1016/j.cgh.2007.01.015"""" target=""""_blank"""">Bewtra 2007</a>, <a href=""""http://dx.doi.org/10.1002/ibd.20250"""" target=""""_blank"""">Nguyen 2007</a>, <a href='https://link.springer.com/article/10.1007/s10620-009-0973-3' target='_blank'>Sonnenberg 2009</a>, <a href=""""https://dx.doi.org/10.1038/ajg.2009.581"""" target=""""_blank"""">Nguyen 2010</a>, <a href=""""http://dx.doi.org/10.1007/s11605-010-1396-3"""" target=""""_blank"""">Ananthakrishnan 2011a</a>, <a href=""""https://dx.doi.org/10.1016/j.crohns.2011.01.011"""" target=""""_blank"""">Sridhar 2011</a>,  <a href=""""http://dx.doi.org/10.1097/DCR.0000000000000236"""" target=""""_blank"""">Geltzeiler 2014</a>, <a href=""""https://dx.doi.org/10.1097/MIB.0000000000000899"""" target=""""_blank"""">Barnes 2016</a>, <a href=""""https://dx.doi.org/10.1371/journal.pone.0161523"""" target=""""_blank"""">Stein 2016</a>, <a href=""""https://dx.doi.org/10.1097/MIB.0000000000000963"""" target=""""_blank"""">Wadhwa 2016</a>, <a href=""""https://dx.doi.org/10.1016/j.cgh.2017.06.040"""" target=""""_blank"""">Limketkai 2017</a>, <a href="""""""" target=""""_blank"""">Malarcher 2017</a>, <a href="""""""" target=""""_blank"""">Marchioni 2017</a>, <a href=""""https://dx.doi.org/10.20524/aog.2017.0168"""" target=""""_blank"""">Sharma 2017</a>, <a href=""""https://dx.doi.org/10.1093/ibd/izy086"""" target=""""_blank"""">Barber 2018</a>, <a href=""""https://dx.doi.org/10.1111/ijd.13932"""" target=""""_blank"""">Ramos-Rodriguez 2018</a>, <a href=""""https://dx.doi.org/10.1097/MEG.0000000000001185"""" target=""""_blank"""">Rezapour 2018</a>, <a href=""""https://dx.doi.org/10.1093/ibd/izz089"""" target=""""_blank"""">Dalal 2019</a>,  <a href=""""https://dx.doi.org/10.1097/MCG.0000000000001204"""" target=""""_blank"""">Galoosian 2009</a>, <a href=""""https://dx.doi.org/10.1007/s40258-018-0432-4"""" target=""""_blank"""">Xu 2019</a>, <a href=""""https://dx.doi.org/10.1053/j.gastro.2018.08.063"""" target=""""_blank"""">Peery 2019</a>, <a href=""""https://dx.doi.org/10.1097/MCG.0000000000001458"""" target=""""_blank"""">Schwartz 2020</a></p>",
55,United States,United States,prim,UC,2018,10.87,-0.04,stable,"<p style=""""font-size: 125%"""">Data on UC hospitalizations come from 25 studies using estimated national data and spanning 1990â€“2018. A subset of these studies provide enough data for temporal analysis. According to <a href='https://www.ncbi.nlm.nih.gov/pmc/articles/PMC8366929/' target='_blank'>Kichloo 2021</a>, the UC hospitalization rate for primary discharges was 11.23/100,000 in 2008, which decreased non-significantly to 10.87/100,000 in 2018 (AAPC: -0.04; 95% CI: -0.52, 0.45).<br><br>

See also: <a href=""""https://dx.doi.org/10.1016/j.cgh.2007.01.015"""" target=""""_blank"""">Bewtra 2007</a>, <a href=""""http://dx.doi.org/10.1002/ibd.20250"""" target=""""_blank"""">Nguyen 2007</a>, <a href='https://link.springer.com/article/10.1007/s10620-009-0973-3' target='_blank'>Sonnenberg 2009</a>, <a href=""""http://dx.doi.org/10.1002/ibd.21225"""" target=""""_blank"""">Ananthakrishnan 2010</a>,  <a href=""""https://dx.doi.org/10.1038/ajg.2009.581"""" target=""""_blank"""">Nguyen 2010</a>, <a href=""""http://dx.doi.org/10.1007/s11605-010-1396-3"""" target=""""_blank"""">Ananthakrishnan 2011a</a>, <a href=""""https://dx.doi.org/10.1016/j.crohns.2011.01.011"""" target=""""_blank"""">Sridhar 2011</a>,  <a href=""""http://dx.doi.org/10.1097/DCR.0000000000000236"""" target=""""_blank"""">Geltzeiler 2014</a>, <a href=""""https://dx.doi.org/10.1097/MIB.0000000000000899"""" target=""""_blank"""">Barnes 2016</a>, <a href="""""""" target=""""_blank"""">Marchioni 2017</a>, <a href=""""http://dx.doi.org/10.1097/MIB.0000000000001041"""" target=""""_blank"""">Poojary 2017</a>, <a href=""""https://dx.doi.org/10.20524/aog.2017.0168"""" target=""""_blank"""">Sharma 2017</a>, <a href=""""https://dx.doi.org/10.1093/ibd/izy086"""" target=""""_blank"""">Barber 2018</a>, <a href=""""https://dx.doi.org/10.1111/ijd.13932"""" target=""""_blank"""">Ramos-Rodriguez 2018</a>, <a href=""""https://dx.doi.org/10.1097/MEG.0000000000001185"""" target=""""_blank"""">Rezapour 2018</a>, <a href=""""https://dx.doi.org/10.1093/ibd/izz089"""" target=""""_blank"""">Dalal 2019</a>,  <a href=""""https://dx.doi.org/10.1097/MCG.0000000000001204"""" target=""""_blank"""">Galoosian 2009</a>, <a href=""""https://dx.doi.org/10.1053/j.gastro.2018.08.063"""" target=""""_blank"""">Peery 2019</a>, <a href=""""https://dx.doi.org/10.1097/MCG.0000000000001458"""" target=""""_blank"""">Schwartz 2020</a>, <a href=""""https://dx.doi.org/10.1007/s10620-020-06474-1"""" target=""""_blank"""">Olaiya 2021</a></p>",
55,United States,United States,all,IBD,2006,76.24,4.39,increase,"<p style=""""font-size: 125%"""">Data on IBD hospitalizations come from 19 studies using estimated national data and spanning 1998â€“2018. A subset of these studies provide enough data for temporal analysis. According to <a href='https://link.springer.com/article/10.1007/s10620-009-0973-3' target='_blank'>Sonnenberg 2009</a>, all cause hospitalization for IBD signifcantly increased from 59.47/100,000 in 2000, to 76.24/100,000 in 2006 (AAPC: 4.39; 95% CI: 3.48, 5.31).<br><br>

See also: <a href=""""http://dx.doi.org/10.1002/ibd.20250"""" target=""""_blank"""">Nguyen 2007</a>, <a href=""""https://dx.doi.org/10.1111/j.1572-0241.2008.02054.x"""" target=""""_blank"""">Ananthakrishnan 2008</a>, <a href=""""http://dx.doi.org/10.1007/s10620-010-1433-9"""" target=""""_blank"""">Ananthakrishnan 2011a</a>, <a href=""""https://dx.doi.org/10.1016/j.crohns.2011.01.011"""" target=""""_blank"""">Sridhar 2011</a>, <a href=""""https://dx.doi.org/10.1097/MIB.0000000000000899"""" target=""""_blank"""">Barnes 2016</a>, <a href="""""""" target=""""_blank"""">Marchioni 2017</a>, <a href=""""https://dx.doi.org/10.1093/ibd/izy086"""" target=""""_blank"""">Barber 2018</a>, <a href=""""https://dx.doi.org/10.1093/ecco-jcc/jjy062"""" target=""""_blank"""">Cohen-Mekelburg 2018</a>, <a href=""""https://dx.doi.org/10.1111/ijd.13932"""" target=""""_blank"""">Ramos-Rodriguez 2018</a>, <a  href=""""https://dx.doi.org/10.1097/MEG.0000000000001185"""" target=""""_blank"""">Rezapour 2018</a>, <a href=""""https://dx.doi.org/10.1093/ibd/izz089"""" target=""""_blank"""">Dalal 2019</a>,  <a href=""""https://dx.doi.org/10.1097/MCG.0000000000001204"""" target=""""_blank"""">Galoosian 2009</a>, <a href=""""https://dx.doi.org/10.5217/ir.2021.00046"""" target=""""_blank"""">Dahiya 2021</a>, <a href=""""https://dx.doi.org/10.1080/20016689.2021.1912924"""" target=""""_blank"""">Ding 2021</a></p>",
55,United States,United States,all,CD,2017,44.11,1.12,increase,"<p style=""""font-size: 125%"""">Data on CD hospitalizations come from 29 studies using estimated national data and spanning 1990â€“2018. A subset of these studies provide enough data for temporal analysis. <a href='https://link.springer.com/article/10.1007/s11605-020-04832-y' target='_blank'>Lowe et al. 2021</a> found that the hospitalization rate for all-cause discharges was 44.11/100,000 in 2017, which had significantly increased from 40.82/100,000 in 2010 (AAPC: 1.12; 95% CI: 0.93, 1.31).<br><br>

See also: <a href=""""https://dx.doi.org/10.1016/j.cgh.2007.01.015"""" target=""""_blank"""">Bewtra 2007</a>, <a href=""""http://dx.doi.org/10.1002/ibd.20250"""" target=""""_blank"""">Nguyen 2007</a>, <a href='https://link.springer.com/article/10.1007/s10620-009-0973-3' target='_blank'>Sonnenberg 2009</a>, <a href=""""https://dx.doi.org/10.1038/ajg.2009.581"""" target=""""_blank"""">Nguyen 2010</a>, <a href=""""http://dx.doi.org/10.1007/s11605-010-1396-3"""" target=""""_blank"""">Ananthakrishnan 2011a</a>, <a href=""""https://dx.doi.org/10.1016/j.crohns.2011.01.011"""" target=""""_blank"""">Sridhar 2011</a>,  <a href=""""http://dx.doi.org/10.1097/DCR.0000000000000236"""" target=""""_blank"""">Geltzeiler 2014</a>, <a href=""""https://dx.doi.org/10.1097/MIB.0000000000000899"""" target=""""_blank"""">Barnes 2016</a>, <a href=""""https://dx.doi.org/10.1371/journal.pone.0161523"""" target=""""_blank"""">Stein 2016</a>, <a href=""""https://dx.doi.org/10.1097/MIB.0000000000000963"""" target=""""_blank"""">Wadhwa 2016</a>, <a href=""""https://dx.doi.org/10.1016/j.cgh.2017.06.040"""" target=""""_blank"""">Limketkai 2017</a>, <a href="""""""" target=""""_blank"""">Malarcher 2017</a>, <a href="""""""" target=""""_blank"""">Marchioni 2017</a>, <a href=""""https://dx.doi.org/10.20524/aog.2017.0168"""" target=""""_blank"""">Sharma 2017</a>, <a href=""""https://dx.doi.org/10.1093/ibd/izy086"""" target=""""_blank"""">Barber 2018</a>, <a href=""""https://dx.doi.org/10.1111/ijd.13932"""" target=""""_blank"""">Ramos-Rodriguez 2018</a>, <a href=""""https://dx.doi.org/10.1097/MEG.0000000000001185"""" target=""""_blank"""">Rezapour 2018</a>, <a href=""""https://dx.doi.org/10.1093/ibd/izz089"""" target=""""_blank"""">Dalal 2019</a>,  <a href=""""https://dx.doi.org/10.1097/MCG.0000000000001204"""" target=""""_blank"""">Galoosian 2009</a>, <a href=""""https://dx.doi.org/10.1007/s40258-018-0432-4"""" target=""""_blank"""">Xu 2019</a>, <a href=""""https://dx.doi.org/10.1053/j.gastro.2018.08.063"""" target=""""_blank"""">Peery 2019</a>, <a href=""""https://dx.doi.org/10.1097/MCG.0000000000001458"""" target=""""_blank"""">Schwartz 2020</a></p>",
55,United States,United States,all,UC,2017,30.12,2.05,increase,"<p style=""""font-size: 125%"""">Data on UC hospitalizations come from 25 studies using estimated national data and spanning 1990â€“2018. A subset of these studies provide enough data for temporal analysis. <a href='https://link.springer.com/article/10.1007/s11605-020-04832-y' target='_blank'>Lowe 2021</a> found that the hospitalization rate for secondary discharges was 30.12/100,000 in 2017, which had significantly increased from 26.63/100,000 in 2010 (AAPC: 2.05; 95% CI: 1.69, 2.42).<br><br>

See also: <a href=""""https://dx.doi.org/10.1016/j.cgh.2007.01.015"""" target=""""_blank"""">Bewtra 2007</a>, <a href=""""http://dx.doi.org/10.1002/ibd.20250"""" target=""""_blank"""">Nguyen 2007</a>, <a href='https://link.springer.com/article/10.1007/s10620-009-0973-3' target='_blank'>Sonnenberg 2009</a>, <a href=""""http://dx.doi.org/10.1002/ibd.21225"""" target=""""_blank"""">Ananthakrishnan 2010</a>,  <a href=""""https://dx.doi.org/10.1038/ajg.2009.581"""" target=""""_blank"""">Nguyen 2010</a>, <a href=""""http://dx.doi.org/10.1007/s11605-010-1396-3"""" target=""""_blank"""">Ananthakrishnan 2011a</a>, <a href=""""https://dx.doi.org/10.1016/j.crohns.2011.01.011"""" target=""""_blank"""">Sridhar 2011</a>,  <a href=""""http://dx.doi.org/10.1097/DCR.0000000000000236"""" target=""""_blank"""">Geltzeiler 2014</a>, <a href=""""https://dx.doi.org/10.1097/MIB.0000000000000899"""" target=""""_blank"""">Barnes 2016</a>, <a href="""""""" target=""""_blank"""">Marchioni 2017</a>, <a href=""""http://dx.doi.org/10.1097/MIB.0000000000001041"""" target=""""_blank"""">Poojary 2017</a>, <a href=""""https://dx.doi.org/10.20524/aog.2017.0168"""" target=""""_blank"""">Sharma 2017</a>, <a href=""""https://dx.doi.org/10.1093/ibd/izy086"""" target=""""_blank"""">Barber 2018</a>, <a href=""""https://dx.doi.org/10.1111/ijd.13932"""" target=""""_blank"""">Ramos-Rodriguez 2018</a>, <a href=""""https://dx.doi.org/10.1097/MEG.0000000000001185"""" target=""""_blank"""">Rezapour 2018</a>, <a href=""""https://dx.doi.org/10.1093/ibd/izz089"""" target=""""_blank"""">Dalal 2019</a>,  <a href=""""https://dx.doi.org/10.1097/MCG.0000000000001204"""" target=""""_blank"""">Galoosian 2009</a>, <a href=""""https://dx.doi.org/10.1053/j.gastro.2018.08.063"""" target=""""_blank"""">Peery 2019</a>, <a href=""""https://dx.doi.org/10.1097/MCG.0000000000001458"""" target=""""_blank"""">Schwartz 2020</a>, <a href=""""https://dx.doi.org/10.1007/s10620-020-06474-1"""" target=""""_blank"""">Olaiya 2021</a></p>",
55,United States,United States,not,IBD,2010,33.9,2.4,increase,"<p style=""""font-size: 125%"""">Data on IBD hospitalizations come from 19 studies using estimated national data and spanning 1998â€“2018. A subset of these studies provide enough data for temporal analysis. The OECD (<a href='https://www.sciencedirect.com/science/article/abs/pii/S2468125319300135?via%3Dihub' target='_blank'>King 2019</a>) provides rates for unspecified discharges spanning 2000â€“2010. In 2010, the hospitalization rate for IBD was 33.9/100,000, which had significantly increased from 25.8/100,000 in 2000 (AAPC: 2.40; 95% CI: 1.50, 3.31). <br><br>

See also: <a href=""""http://dx.doi.org/10.1002/ibd.20250"""" target=""""_blank"""">Nguyen 2007</a>, <a href=""""https://dx.doi.org/10.1111/j.1572-0241.2008.02054.x"""" target=""""_blank"""">Ananthakrishnan 2008</a>, <a href=""""http://dx.doi.org/10.1007/s10620-010-1433-9"""" target=""""_blank"""">Ananthakrishnan 2011a</a>, <a href=""""https://dx.doi.org/10.1016/j.crohns.2011.01.011"""" target=""""_blank"""">Sridhar 2011</a>, <a href=""""https://dx.doi.org/10.1097/MIB.0000000000000899"""" target=""""_blank"""">Barnes 2016</a>, <a href="""""""" target=""""_blank"""">Marchioni 2017</a>, <a href=""""https://dx.doi.org/10.1093/ibd/izy086"""" target=""""_blank"""">Barber 2018</a>, <a href=""""https://dx.doi.org/10.1093/ecco-jcc/jjy062"""" target=""""_blank"""">Cohen-Mekelburg 2018</a>, <a href=""""https://dx.doi.org/10.1111/ijd.13932"""" target=""""_blank"""">Ramos-Rodriguez 2018</a>, <a  href=""""https://dx.doi.org/10.1097/MEG.0000000000001185"""" target=""""_blank"""">Rezapour 2018</a>, <a href=""""https://dx.doi.org/10.1093/ibd/izz089"""" target=""""_blank"""">Dalal 2019</a>,  <a href=""""https://dx.doi.org/10.1097/MCG.0000000000001204"""" target=""""_blank"""">Galoosian 2009</a>, <a href=""""https://dx.doi.org/10.5217/ir.2021.00046"""" target=""""_blank"""">Dahiya 2021</a>, <a href=""""https://dx.doi.org/10.1080/20016689.2021.1912924"""" target=""""_blank"""">Ding 2021</a></p>",
55,United States,United States,not,CD,2017,61.21,,,"<p style=""""font-size: 125%"""">Data on CD hospitalizations come from 29 studies using estimated national data and spanning 1990â€“2018. In 2017, the hospitalization rate for unspecified discharges was 61.21/100,000 <a href=""""https://dx.doi.org/10.7759/cureus.16566"""" target=""""_blank"""">Uwagbale et al. 2021</a>, though insufficient data were available to complete a temporal analysis.<br><br>

See also: <a href=""""https://dx.doi.org/10.1016/j.cgh.2007.01.015"""" target=""""_blank"""">Bewtra 2007</a>, <a href=""""http://dx.doi.org/10.1002/ibd.20250"""" target=""""_blank"""">Nguyen 2007</a>, <a href='https://link.springer.com/article/10.1007/s10620-009-0973-3' target='_blank'>Sonnenberg 2009</a>, <a href=""""https://dx.doi.org/10.1038/ajg.2009.581"""" target=""""_blank"""">Nguyen 2010</a>, <a href=""""http://dx.doi.org/10.1007/s11605-010-1396-3"""" target=""""_blank"""">Ananthakrishnan 2011a</a>, <a href=""""https://dx.doi.org/10.1016/j.crohns.2011.01.011"""" target=""""_blank"""">Sridhar 2011</a>,  <a href=""""http://dx.doi.org/10.1097/DCR.0000000000000236"""" target=""""_blank"""">Geltzeiler 2014</a>, <a href=""""https://dx.doi.org/10.1097/MIB.0000000000000899"""" target=""""_blank"""">Barnes 2016</a>, <a href=""""https://dx.doi.org/10.1371/journal.pone.0161523"""" target=""""_blank"""">Stein 2016</a>, <a href=""""https://dx.doi.org/10.1097/MIB.0000000000000963"""" target=""""_blank"""">Wadhwa 2016</a>, <a href=""""https://dx.doi.org/10.1016/j.cgh.2017.06.040"""" target=""""_blank"""">Limketkai 2017</a>, <a href="""""""" target=""""_blank"""">Malarcher 2017</a>, <a href="""""""" target=""""_blank"""">Marchioni 2017</a>, <a href=""""https://dx.doi.org/10.20524/aog.2017.0168"""" target=""""_blank"""">Sharma 2017</a>, <a href=""""https://dx.doi.org/10.1093/ibd/izy086"""" target=""""_blank"""">Barber 2018</a>, <a href=""""https://dx.doi.org/10.1111/ijd.13932"""" target=""""_blank"""">Ramos-Rodriguez 2018</a>, <a href=""""https://dx.doi.org/10.1097/MEG.0000000000001185"""" target=""""_blank"""">Rezapour 2018</a>, <a href=""""https://dx.doi.org/10.1093/ibd/izz089"""" target=""""_blank"""">Dalal 2019</a>,  <a href=""""https://dx.doi.org/10.1097/MCG.0000000000001204"""" target=""""_blank"""">Galoosian 2009</a>, <a href=""""https://dx.doi.org/10.1007/s40258-018-0432-4"""" target=""""_blank"""">Xu 2019</a>, <a href=""""https://dx.doi.org/10.1053/j.gastro.2018.08.063"""" target=""""_blank"""">Peery 2019</a>, <a href=""""https://dx.doi.org/10.1097/MCG.0000000000001458"""" target=""""_blank"""">Schwartz 2020</a></p>",
56,United States,California,prim,IBD,2014,20.51,-0.45,stable,"<p style=""""font-size: 125%"""">Data on IBD hospitalizations come from <a href='https://journals.lww.com/jcge/Fulltext/2020/03000/Recent_Trends_and_the_Impact_of_the_Affordable.2.aspx' target='_blank'>Barakat 2020</a> reporting for primary discharges with 20.77/100,000 in 2009 and 20.51 in 2014 (AAPC: -0.45; 95% CI: -0.98, 0.08).</p>",
57,United States,Florida,prim,IBD,2014,43.36,2.32,increase,"<p style=""""font-size: 125%"""">Data on IBD hospitalizations come from <a href='https://journals.lww.com/jcge/Fulltext/2020/03000/Recent_Trends_and_the_Impact_of_the_Affordable.2.aspx' target='_blank'>Barakat 2020</a> reporting for primary discharges with 38.59/100,000 in 2009 and 43.36/100,000 in 2014 (AAPC:2.32; 95% CI: 1.43, 3.28).</p>",
57,United States,Florida,all,IBD,2011,41.55,,,"<p style=""""font-size: 125%"""">In 2011, the IBD hospitalization rate for secondary discharges was estimated at 41.55/100,000 (<a href='https://pubmed.ncbi.nlm.nih.gov/31622063/' target='_blank'>Cohen-Mekelburg 2019</a>).</p>",
58,United States,New York,all,IBD,2011,36.31,,,"<p style=""""font-size: 125%"""">Insufficient data were available to conduct a temporal analysis on hospitalization rates for IBD; however, in 2011, the IBD hospitalization rate for secondary discharges was estimated at 36.31/100,000 (<a href='https://pubmed.ncbi.nlm.nih.gov/31622063/' target='_blank'>Cohen-Mekelburg 2019</a>).</p>",
59,United States,Maryland,all,IBD,2002,87.15,,,"<p style=""""font-size: 125%"""">Insufficient data were available to conduct a temporal analysis on hospitalization rates for IBD; however, in 2002, the IBD hospitalization rate for secondary discharges was estimated at 87.15/100,000 (<a href='https://link.springer.com/article/10.1007/s10620-014-3169-4' target='_blank'>Hourigan 2014</a>).</p>",
60,United States,Wisconsin,all,IBD,2008,110.5,,,"<p style=""""font-size: 125%"""">Insufficient data were available to conduct a temporal analysis on hospitalization rates for IBD; however, in 2002, the IBD hospitalization rate for secondary discharges was estimated at 97.37/100,000 (<a href='https://academic.oup.com/ibdjournal/article/17/5/1138/4636198' target='_blank'>Ananthakrishnan 2011d</a>). In 2008, the IBD hospitalization rate for secondary discharges was estimated at 110.5/100,000 (<a href='https://academic.oup.com/ibdjournal/article/17/2/633/4636162' target='_blank'>Ananthakrishnan 2011c</a>).</p>",
60,United States,Wisconsin,all,CD,2008,74.5,,,"<p style=""""font-size: 125%""""> Insufficient data were available to conduct a temporal analysis on hospitalization rates; however, in 2002, CD hospitalization was 63.51/100,000 (<a href='https://academic.oup.com/ibdjournal/article/17/5/1138/4636198' target='_blank'>Ananthakrishnan 2011d</a>). In 2008, CD hospitalization was 74.5/100,000 (<a href='https://academic.oup.com/ibdjournal/article/17/2/633/4636162' target='_blank'>Ananthakrishnan 2011c</a>).</p>",
60,United States,Wisconsin,all,UC,2008,39,,,"<p style=""""font-size: 125%""""> Insufficient data were available to conduct a temporal analysis on hospitalization rates; however, in 2002, UC hospitalization was 33.87/100,000 (<a href='https://academic.oup.com/ibdjournal/article/17/5/1138/4636198' target='_blank'>Ananthakrishnan 2011d</a>). In 2008, UC hospitalization was 39.0/100,000 (<a href='https://academic.oup.com/ibdjournal/article/17/2/633/4636162' target='_blank'>Ananthakrishnan 2011c</a>).</p>",