INDEX,HSA_CODE,HSA_NAME,HSA_NAME_FORMATTED,ZONE_CODE,ZONE_NAME,FY,INC_RT,MET
1,HSA1.1,SOUTH ZONE - WEST,South Zone - West,Z1,SOUTH,2016,0,no
2,HSA1.1,SOUTH ZONE - WEST,South Zone - West,Z1,SOUTH,2017,42.1,no
3,HSA1.1,SOUTH ZONE - WEST,South Zone - West,Z1,SOUTH,2018,0,no
4,HSA1.1,SOUTH ZONE - WEST,South Zone - West,Z1,SOUTH,2019,44.8,no
5,HSA1.1,SOUTH ZONE - WEST,South Zone - West,Z1,SOUTH,2020,39.5,no
6,HSA1.1,SOUTH ZONE - WEST,South Zone - West,Z1,SOUTH,All,33.7,no
7,HSA1.2,SOUTH ZONE - CENTRAL,South Zone - Central,Z1,SOUTH,2016,40,no
8,HSA1.2,SOUTH ZONE - CENTRAL,South Zone - Central,Z1,SOUTH,2017,56.2,no
9,HSA1.2,SOUTH ZONE - CENTRAL,South Zone - Central,Z1,SOUTH,2018,50.9,no
10,HSA1.2,SOUTH ZONE - CENTRAL,South Zone - Central,Z1,SOUTH,2019,44,no
11,HSA1.2,SOUTH ZONE - CENTRAL,South Zone - Central,Z1,SOUTH,2020,30.8,no
12,HSA1.2,SOUTH ZONE - CENTRAL,South Zone - Central,Z1,SOUTH,All,44.3,no
13,HSA1.3,SOUTH ZONE - EAST,South Zone - East,Z1,SOUTH,2016,0,no
14,HSA1.3,SOUTH ZONE - EAST,South Zone - East,Z1,SOUTH,2017,0,no
15,HSA1.3,SOUTH ZONE - EAST,South Zone - East,Z1,SOUTH,2018,28.2,no
16,HSA1.3,SOUTH ZONE - EAST,South Zone - East,Z1,SOUTH,2019,25.7,no
17,HSA1.3,SOUTH ZONE - EAST,South Zone - East,Z1,SOUTH,2020,32.6,no
18,HSA1.3,SOUTH ZONE - EAST,South Zone - East,Z1,SOUTH,All,20.7,no
19,HSA1.4,SOUTH ZONE - MEDICINE HAT,South Zone - Medicine Hat,Z1,SOUTH,2016,0,no
20,HSA1.4,SOUTH ZONE - MEDICINE HAT,South Zone - Medicine Hat,Z1,SOUTH,2017,0,no
21,HSA1.4,SOUTH ZONE - MEDICINE HAT,South Zone - Medicine Hat,Z1,SOUTH,2018,39.5,no
22,HSA1.4,SOUTH ZONE - MEDICINE HAT,South Zone - Medicine Hat,Z1,SOUTH,2019,35,no
23,HSA1.4,SOUTH ZONE - MEDICINE HAT,South Zone - Medicine Hat,Z1,SOUTH,2020,49.3,no
24,HSA1.4,SOUTH ZONE - MEDICINE HAT,South Zone - Medicine Hat,Z1,SOUTH,All,26.6,no
25,HSA1.5.A,LETHBRIDGE - WEST,Lethbridge - West,Z1,SOUTH,2016,41.4,no
26,HSA1.5.A,LETHBRIDGE - WEST,Lethbridge - West,Z1,SOUTH,2017,60.3,no
27,HSA1.5.A,LETHBRIDGE - WEST,Lethbridge - West,Z1,SOUTH,2018,50.7,no
28,HSA1.5.A,LETHBRIDGE - WEST,Lethbridge - West,Z1,SOUTH,2019,63.6,no
29,HSA1.5.A,LETHBRIDGE - WEST,Lethbridge - West,Z1,SOUTH,2020,35.4,no
30,HSA1.5.A,LETHBRIDGE - WEST,Lethbridge - West,Z1,SOUTH,All,50.3,no
31,HSA1.5.B,LETHBRIDGE - NORTH,Lethbridge - North,Z1,SOUTH,2016,0,no
32,HSA1.5.B,LETHBRIDGE - NORTH,Lethbridge - North,Z1,SOUTH,2017,0,no
33,HSA1.5.B,LETHBRIDGE - NORTH,Lethbridge - North,Z1,SOUTH,2018,0,no
34,HSA1.5.B,LETHBRIDGE - NORTH,Lethbridge - North,Z1,SOUTH,2019,36.5,no
35,HSA1.5.B,LETHBRIDGE - NORTH,Lethbridge - North,Z1,SOUTH,2020,36.2,no
36,HSA1.5.B,LETHBRIDGE - NORTH,Lethbridge - North,Z1,SOUTH,All,31.5,no
37,HSA1.5.C,LETHBRIDGE - SOUTH,Lethbridge - South,Z1,SOUTH,2016,30,no
38,HSA1.5.C,LETHBRIDGE - SOUTH,Lethbridge - South,Z1,SOUTH,2017,0,no
39,HSA1.5.C,LETHBRIDGE - SOUTH,Lethbridge - South,Z1,SOUTH,2018,0,no
40,HSA1.5.C,LETHBRIDGE - SOUTH,Lethbridge - South,Z1,SOUTH,2019,29.3,no
41,HSA1.5.C,LETHBRIDGE - SOUTH,Lethbridge - South,Z1,SOUTH,2020,34.9,no
42,HSA1.5.C,LETHBRIDGE - SOUTH,Lethbridge - South,Z1,SOUTH,All,27.8,no
43,HSA2.1.A,CALGARY - UPPER NW,Calgary - Upper NW,Z2,CALGARY,2016,41.6,yes
44,HSA2.1.A,CALGARY - UPPER NW,Calgary - Upper NW,Z2,CALGARY,2017,29.9,yes
45,HSA2.1.A,CALGARY - UPPER NW,Calgary - Upper NW,Z2,CALGARY,2018,28.7,yes
46,HSA2.1.A,CALGARY - UPPER NW,Calgary - Upper NW,Z2,CALGARY,2019,34.9,yes
47,HSA2.1.A,CALGARY - UPPER NW,Calgary - Upper NW,Z2,CALGARY,2020,37.7,yes
48,HSA2.1.A,CALGARY - UPPER NW,Calgary - Upper NW,Z2,CALGARY,All,34.6,yes
49,HSA2.1.B,CALGARY - NORTH,Calgary - North,Z2,CALGARY,2016,29.5,yes
50,HSA2.1.B,CALGARY - NORTH,Calgary - North,Z2,CALGARY,2017,30.8,yes
51,HSA2.1.B,CALGARY - NORTH,Calgary - North,Z2,CALGARY,2018,31.2,yes
52,HSA2.1.B,CALGARY - NORTH,Calgary - North,Z2,CALGARY,2019,46.3,yes
53,HSA2.1.B,CALGARY - NORTH,Calgary - North,Z2,CALGARY,2020,43.7,yes
54,HSA2.1.B,CALGARY - NORTH,Calgary - North,Z2,CALGARY,All,36.5,yes
55,HSA2.1.C,CALGARY - NOSEHILL,Calgary - Nose Hill,Z2,CALGARY,2016,29.6,yes
56,HSA2.1.C,CALGARY - NOSEHILL,Calgary - Nose Hill,Z2,CALGARY,2017,32.1,yes
57,HSA2.1.C,CALGARY - NOSEHILL,Calgary - Nose Hill,Z2,CALGARY,2018,30.6,yes
58,HSA2.1.C,CALGARY - NOSEHILL,Calgary - Nose Hill,Z2,CALGARY,2019,26.5,yes
59,HSA2.1.C,CALGARY - NOSEHILL,Calgary - Nose Hill,Z2,CALGARY,2020,31.2,yes
60,HSA2.1.C,CALGARY - NOSEHILL,Calgary - Nose Hill,Z2,CALGARY,All,30,yes
61,HSA2.1.D,CALGARY - LOWER NW,Calgary - Lower NW,Z2,CALGARY,2016,33.5,yes
62,HSA2.1.D,CALGARY - LOWER NW,Calgary - Lower NW,Z2,CALGARY,2017,38.3,yes
63,HSA2.1.D,CALGARY - LOWER NW,Calgary - Lower NW,Z2,CALGARY,2018,33.5,yes
64,HSA2.1.D,CALGARY - LOWER NW,Calgary - Lower NW,Z2,CALGARY,2019,28.5,yes
65,HSA2.1.D,CALGARY - LOWER NW,Calgary - Lower NW,Z2,CALGARY,2020,40.9,yes
66,HSA2.1.D,CALGARY - LOWER NW,Calgary - Lower NW,Z2,CALGARY,All,34.9,yes
67,HSA2.1.EF,CALGARY - CENTRE NORTH/WEST BOW,Calgary - Centre North/West BOW,Z2,CALGARY,2016,34,yes
68,HSA2.1.EF,CALGARY - CENTRE NORTH/WEST BOW,Calgary - Centre North/West BOW,Z2,CALGARY,2017,44.5,yes
69,HSA2.1.EF,CALGARY - CENTRE NORTH/WEST BOW,Calgary - Centre North/West BOW,Z2,CALGARY,2018,19.6,yes
70,HSA2.1.EF,CALGARY - CENTRE NORTH/WEST BOW,Calgary - Centre North/West BOW,Z2,CALGARY,2019,35.5,yes
71,HSA2.1.EF,CALGARY - CENTRE NORTH/WEST BOW,Calgary - Centre North/West BOW,Z2,CALGARY,2020,48,yes
72,HSA2.1.EF,CALGARY - CENTRE NORTH/WEST BOW,Calgary - Centre North/West BOW,Z2,CALGARY,All,36.4,yes
73,HSA2.2.A,CALGARY - UPPER NE,Calgary - Upper NE,Z2,CALGARY,2016,49.2,yes
74,HSA2.2.A,CALGARY - UPPER NE,Calgary - Upper NE,Z2,CALGARY,2017,46.7,yes
75,HSA2.2.A,CALGARY - UPPER NE,Calgary - Upper NE,Z2,CALGARY,2018,53,yes
76,HSA2.2.A,CALGARY - UPPER NE,Calgary - Upper NE,Z2,CALGARY,2019,44.3,yes
77,HSA2.2.A,CALGARY - UPPER NE,Calgary - Upper NE,Z2,CALGARY,2020,70.4,yes
78,HSA2.2.A,CALGARY - UPPER NE,Calgary - Upper NE,Z2,CALGARY,All,52.9,yes
79,HSA2.2.B,CALGARY - LOWER NE,Calgary - Lower NE,Z2,CALGARY,2016,31.9,yes
80,HSA2.2.B,CALGARY - LOWER NE,Calgary - Lower NE,Z2,CALGARY,2017,22.6,yes
81,HSA2.2.B,CALGARY - LOWER NE,Calgary - Lower NE,Z2,CALGARY,2018,21.5,yes
82,HSA2.2.B,CALGARY - LOWER NE,Calgary - Lower NE,Z2,CALGARY,2019,28.4,yes
83,HSA2.2.B,CALGARY - LOWER NE,Calgary - Lower NE,Z2,CALGARY,2020,38.2,yes
84,HSA2.2.B,CALGARY - LOWER NE,Calgary - Lower NE,Z2,CALGARY,All,28.5,yes
85,HSA2.3.A,CALGARY - EAST,Calgary - East,Z2,CALGARY,2016,23.9,yes
86,HSA2.3.A,CALGARY - EAST,Calgary - East,Z2,CALGARY,2017,22.7,yes
87,HSA2.3.A,CALGARY - EAST,Calgary - East,Z2,CALGARY,2018,30.6,yes
88,HSA2.3.A,CALGARY - EAST,Calgary - East,Z2,CALGARY,2019,25.1,yes
89,HSA2.3.A,CALGARY - EAST,Calgary - East,Z2,CALGARY,2020,26.2,yes
90,HSA2.3.A,CALGARY - EAST,Calgary - East,Z2,CALGARY,All,25.7,yes
91,HSA2.3.B,CALGARY - SE,Calgary - SE,Z2,CALGARY,2016,40,yes
92,HSA2.3.B,CALGARY - SE,Calgary - SE,Z2,CALGARY,2017,49.6,yes
93,HSA2.3.B,CALGARY - SE,Calgary - SE,Z2,CALGARY,2018,38.9,yes
94,HSA2.3.B,CALGARY - SE,Calgary - SE,Z2,CALGARY,2019,43,yes
95,HSA2.3.B,CALGARY - SE,Calgary - SE,Z2,CALGARY,2020,61.7,yes
96,HSA2.3.B,CALGARY - SE,Calgary - SE,Z2,CALGARY,All,46.9,yes
97,HSA2.4.A,CALGARY - WEST,Calgary - West,Z2,CALGARY,2016,31.3,yes
98,HSA2.4.A,CALGARY - WEST,Calgary - West,Z2,CALGARY,2017,34.3,yes
99,HSA2.4.A,CALGARY - WEST,Calgary - West,Z2,CALGARY,2018,40.3,yes
100,HSA2.4.A,CALGARY - WEST,Calgary - West,Z2,CALGARY,2019,49.2,yes
101,HSA2.4.A,CALGARY - WEST,Calgary - West,Z2,CALGARY,2020,52.6,yes
102,HSA2.4.A,CALGARY - WEST,Calgary - West,Z2,CALGARY,All,41.7,yes
103,HSA2.4.B,CALGARY - CENTRE,Calgary - Centre,Z2,CALGARY,2016,30.5,yes
104,HSA2.4.B,CALGARY - CENTRE,Calgary - Centre,Z2,CALGARY,2017,17.3,yes
105,HSA2.4.B,CALGARY - CENTRE,Calgary - Centre,Z2,CALGARY,2018,28,yes
106,HSA2.4.B,CALGARY - CENTRE,Calgary - Centre,Z2,CALGARY,2019,30.6,yes
107,HSA2.4.B,CALGARY - CENTRE,Calgary - Centre,Z2,CALGARY,2020,28.7,yes
108,HSA2.4.B,CALGARY - CENTRE,Calgary - Centre,Z2,CALGARY,All,27.1,yes
109,HSA2.4.C,CALGARY - CENTRE WEST,Calgary - Centre West,Z2,CALGARY,2016,42,yes
110,HSA2.4.C,CALGARY - CENTRE WEST,Calgary - Centre West,Z2,CALGARY,2017,27.7,yes
111,HSA2.4.C,CALGARY - CENTRE WEST,Calgary - Centre West,Z2,CALGARY,2018,27.4,yes
112,HSA2.4.C,CALGARY - CENTRE WEST,Calgary - Centre West,Z2,CALGARY,2019,43.5,yes
113,HSA2.4.C,CALGARY - CENTRE WEST,Calgary - Centre West,Z2,CALGARY,2020,63.6,yes
114,HSA2.4.C,CALGARY - CENTRE WEST,Calgary - Centre West,Z2,CALGARY,All,41,yes
115,HSA2.4.D,CALGARY - ELBOW,Calgary - Elbow,Z2,CALGARY,2016,34.1,yes
116,HSA2.4.D,CALGARY - ELBOW,Calgary - Elbow,Z2,CALGARY,2017,56.1,yes
117,HSA2.4.D,CALGARY - ELBOW,Calgary - Elbow,Z2,CALGARY,2018,36.3,yes
118,HSA2.4.D,CALGARY - ELBOW,Calgary - Elbow,Z2,CALGARY,2019,45.5,yes
119,HSA2.4.D,CALGARY - ELBOW,Calgary - Elbow,Z2,CALGARY,2020,35.4,yes
120,HSA2.4.D,CALGARY - ELBOW,Calgary - Elbow,Z2,CALGARY,All,41.4,yes
121,HSA2.4.E,CALGARY - FISH CREEK,Calgary - Fish Creek,Z2,CALGARY,2016,29.6,yes
122,HSA2.4.E,CALGARY - FISH CREEK,Calgary - Fish Creek,Z2,CALGARY,2017,34.2,yes
123,HSA2.4.E,CALGARY - FISH CREEK,Calgary - Fish Creek,Z2,CALGARY,2018,31.5,yes
124,HSA2.4.E,CALGARY - FISH CREEK,Calgary - Fish Creek,Z2,CALGARY,2019,42.7,yes
125,HSA2.4.E,CALGARY - FISH CREEK,Calgary - Fish Creek,Z2,CALGARY,2020,39,yes
126,HSA2.4.E,CALGARY - FISH CREEK,Calgary - Fish Creek,Z2,CALGARY,All,35.4,yes
127,HSA2.4.F,CALGARY - SW,Calgary - SW,Z2,CALGARY,2016,35.6,yes
128,HSA2.4.F,CALGARY - SW,Calgary - SW,Z2,CALGARY,2017,32.5,yes
129,HSA2.4.F,CALGARY - SW,Calgary - SW,Z2,CALGARY,2018,34.7,yes
130,HSA2.4.F,CALGARY - SW,Calgary - SW,Z2,CALGARY,2019,39.3,yes
131,HSA2.4.F,CALGARY - SW,Calgary - SW,Z2,CALGARY,2020,39.5,yes
132,HSA2.4.F,CALGARY - SW,Calgary - SW,Z2,CALGARY,All,36.4,yes
133,HSA2.5.A,CALGARY RURAL - OKOTOKS/PRIDDIS,Calgary Rural - Okotoks/Priddis,Z2,CALGARY,2016,31,yes
134,HSA2.5.A,CALGARY RURAL - OKOTOKS/PRIDDIS,Calgary Rural - Okotoks/Priddis,Z2,CALGARY,2017,27.6,yes
135,HSA2.5.A,CALGARY RURAL - OKOTOKS/PRIDDIS,Calgary Rural - Okotoks/Priddis,Z2,CALGARY,2018,38,yes
136,HSA2.5.A,CALGARY RURAL - OKOTOKS/PRIDDIS,Calgary Rural - Okotoks/Priddis,Z2,CALGARY,2019,46,yes
137,HSA2.5.A,CALGARY RURAL - OKOTOKS/PRIDDIS,Calgary Rural - Okotoks/Priddis,Z2,CALGARY,2020,60,yes
138,HSA2.5.A,CALGARY RURAL - OKOTOKS/PRIDDIS,Calgary Rural - Okotoks/Priddis,Z2,CALGARY,All,40.9,yes
139,HSA2.5.BC,CALGARY RURAL - CENTRAL/SOUTH,Calgary Rural - Central/South,Z2,CALGARY,2016,35.6,yes
140,HSA2.5.BC,CALGARY RURAL - CENTRAL/SOUTH,Calgary Rural - Central/South,Z2,CALGARY,2017,0,yes
141,HSA2.5.BC,CALGARY RURAL - CENTRAL/SOUTH,Calgary Rural - Central/South,Z2,CALGARY,2018,28.5,yes
142,HSA2.5.BC,CALGARY RURAL - CENTRAL/SOUTH,Calgary Rural - Central/South,Z2,CALGARY,2019,34.7,yes
143,HSA2.5.BC,CALGARY RURAL - CENTRAL/SOUTH,Calgary Rural - Central/South,Z2,CALGARY,2020,28,yes
144,HSA2.5.BC,CALGARY RURAL - CENTRAL/SOUTH,Calgary Rural - Central/South,Z2,CALGARY,All,29.3,yes
145,HSA2.6.AB,CALGARY RURAL - AIRDRIE/CHESTERMERE,Calgary Rural - Airdrie/Chestermere,Z2,CALGARY,2016,28.3,yes
146,HSA2.6.AB,CALGARY RURAL - AIRDRIE/CHESTERMERE,Calgary Rural - Airdrie/Chestermere,Z2,CALGARY,2017,49.3,yes
147,HSA2.6.AB,CALGARY RURAL - AIRDRIE/CHESTERMERE,Calgary Rural - Airdrie/Chestermere,Z2,CALGARY,2018,28.1,yes
148,HSA2.6.AB,CALGARY RURAL - AIRDRIE/CHESTERMERE,Calgary Rural - Airdrie/Chestermere,Z2,CALGARY,2019,41.8,yes
149,HSA2.6.AB,CALGARY RURAL - AIRDRIE/CHESTERMERE,Calgary Rural - Airdrie/Chestermere,Z2,CALGARY,2020,48.6,yes
150,HSA2.6.AB,CALGARY RURAL - AIRDRIE/CHESTERMERE,Calgary Rural - Airdrie/Chestermere,Z2,CALGARY,All,39.5,yes
151,HSA2.6.C,CALGARY RURAL - NORTH,Calgary Rural - North,Z2,CALGARY,2016,53.8,yes
152,HSA2.6.C,CALGARY RURAL - NORTH,Calgary Rural - North,Z2,CALGARY,2017,51.5,yes
153,HSA2.6.C,CALGARY RURAL - NORTH,Calgary Rural - North,Z2,CALGARY,2018,40.8,yes
154,HSA2.6.C,CALGARY RURAL - NORTH,Calgary Rural - North,Z2,CALGARY,2019,43.7,yes
155,HSA2.6.C,CALGARY RURAL - NORTH,Calgary Rural - North,Z2,CALGARY,2020,49.8,yes
156,HSA2.6.C,CALGARY RURAL - NORTH,Calgary Rural - North,Z2,CALGARY,All,47.9,yes
157,HSA2.7.A,CALGARY RURAL - COCHRANE/SPRINGBANK,Calgary Rural - Cochrane/Springbank,Z2,CALGARY,2016,55.1,yes
158,HSA2.7.A,CALGARY RURAL - COCHRANE/SPRINGBANK,Calgary Rural - Cochrane/Springbank,Z2,CALGARY,2017,46.2,yes
159,HSA2.7.A,CALGARY RURAL - COCHRANE/SPRINGBANK,Calgary Rural - Cochrane/Springbank,Z2,CALGARY,2018,55.4,yes
160,HSA2.7.A,CALGARY RURAL - COCHRANE/SPRINGBANK,Calgary Rural - Cochrane/Springbank,Z2,CALGARY,2019,49.8,yes
161,HSA2.7.A,CALGARY RURAL - COCHRANE/SPRINGBANK,Calgary Rural - Cochrane/Springbank,Z2,CALGARY,2020,64.7,yes
162,HSA2.7.A,CALGARY RURAL - COCHRANE/SPRINGBANK,Calgary Rural - Cochrane/Springbank,Z2,CALGARY,All,54.4,yes
163,HSA2.7.B,CALGARY RURAL - WEST,Calgary Rural - West,Z2,CALGARY,2016,0,yes
164,HSA2.7.B,CALGARY RURAL - WEST,Calgary Rural - West,Z2,CALGARY,2017,45.4,yes
165,HSA2.7.B,CALGARY RURAL - WEST,Calgary Rural - West,Z2,CALGARY,2018,34.9,yes
166,HSA2.7.B,CALGARY RURAL - WEST,Calgary Rural - West,Z2,CALGARY,2019,39.6,yes
167,HSA2.7.B,CALGARY RURAL - WEST,Calgary Rural - West,Z2,CALGARY,2020,31.9,yes
168,HSA2.7.B,CALGARY RURAL - WEST,Calgary Rural - West,Z2,CALGARY,All,34.1,yes
169,HSA3.1,ROCKY MOUNTAIN HOUSE/DRAYTON VALLEY,Rocky Mountain House/Drayton Valley,Z3,CENTRAL,2016,0,no
170,HSA3.1,ROCKY MOUNTAIN HOUSE/DRAYTON VALLEY,Rocky Mountain House/Drayton Valley,Z3,CENTRAL,2017,25.4,no
171,HSA3.1,ROCKY MOUNTAIN HOUSE/DRAYTON VALLEY,Rocky Mountain House/Drayton Valley,Z3,CENTRAL,2018,25.4,no
172,HSA3.1,ROCKY MOUNTAIN HOUSE/DRAYTON VALLEY,Rocky Mountain House/Drayton Valley,Z3,CENTRAL,2019,0,no
173,HSA3.1,ROCKY MOUNTAIN HOUSE/DRAYTON VALLEY,Rocky Mountain House/Drayton Valley,Z3,CENTRAL,2020,0,no
174,HSA3.1,ROCKY MOUNTAIN HOUSE/DRAYTON VALLEY,Rocky Mountain House/Drayton Valley,Z3,CENTRAL,All,22.8,no
175,HSA3.2,CENTRAL ZONE - CENTRAL/SOUTH,Central Zone - Central/South,Z3,CENTRAL,2016,25.7,no
176,HSA3.2,CENTRAL ZONE - CENTRAL/SOUTH,Central Zone - Central/South,Z3,CENTRAL,2017,17.6,no
177,HSA3.2,CENTRAL ZONE - CENTRAL/SOUTH,Central Zone - Central/South,Z3,CENTRAL,2018,28.4,no
178,HSA3.2,CENTRAL ZONE - CENTRAL/SOUTH,Central Zone - Central/South,Z3,CENTRAL,2019,28.1,no
179,HSA3.2,CENTRAL ZONE - CENTRAL/SOUTH,Central Zone - Central/South,Z3,CENTRAL,2020,37.5,no
180,HSA3.2,CENTRAL ZONE - CENTRAL/SOUTH,Central Zone - Central/South,Z3,CENTRAL,All,27.6,no
181,HSA3.3,CENTRAL ZONE - SE,Central Zone - SE,Z3,CENTRAL,2016,39.4,no
182,HSA3.3,CENTRAL ZONE - SE,Central Zone - SE,Z3,CENTRAL,2017,24.2,no
183,HSA3.3,CENTRAL ZONE - SE,Central Zone - SE,Z3,CENTRAL,2018,26.6,no
184,HSA3.3,CENTRAL ZONE - SE,Central Zone - SE,Z3,CENTRAL,2019,24.4,no
185,HSA3.3,CENTRAL ZONE - SE,Central Zone - SE,Z3,CENTRAL,2020,42.4,no
186,HSA3.3,CENTRAL ZONE - SE,Central Zone - SE,Z3,CENTRAL,All,31.4,no
187,HSA3.4,WETASKIWIN/PONOKA/LACOMBE,Wetaskiwin/Ponoka/Lacombe,Z3,CENTRAL,2016,36.5,no
188,HSA3.4,WETASKIWIN/PONOKA/LACOMBE,Wetaskiwin/Ponoka/Lacombe,Z3,CENTRAL,2017,25.2,no
189,HSA3.4,WETASKIWIN/PONOKA/LACOMBE,Wetaskiwin/Ponoka/Lacombe,Z3,CENTRAL,2018,31.5,no
190,HSA3.4,WETASKIWIN/PONOKA/LACOMBE,Wetaskiwin/Ponoka/Lacombe,Z3,CENTRAL,2019,28.9,no
191,HSA3.4,WETASKIWIN/PONOKA/LACOMBE,Wetaskiwin/Ponoka/Lacombe,Z3,CENTRAL,2020,28.8,no
192,HSA3.4,WETASKIWIN/PONOKA/LACOMBE,Wetaskiwin/Ponoka/Lacombe,Z3,CENTRAL,All,30.2,no
193,HSA3.5,CENTRAL ZONE - EAST,Central Zone - East,Z3,CENTRAL,2016,16.6,no
194,HSA3.5,CENTRAL ZONE - EAST,Central Zone - East,Z3,CENTRAL,2017,27.2,no
195,HSA3.5,CENTRAL ZONE - EAST,Central Zone - East,Z3,CENTRAL,2018,37.7,no
196,HSA3.5,CENTRAL ZONE - EAST,Central Zone - East,Z3,CENTRAL,2019,30.1,no
197,HSA3.5,CENTRAL ZONE - EAST,Central Zone - East,Z3,CENTRAL,2020,48,no
198,HSA3.5,CENTRAL ZONE - EAST,Central Zone - East,Z3,CENTRAL,All,32,no
199,HSA3.6,CENTRAL ZONE - NE,Central Zone - NE,Z3,CENTRAL,2016,33.6,no
200,HSA3.6,CENTRAL ZONE - NE,Central Zone - NE,Z3,CENTRAL,2017,33.6,no
201,HSA3.6,CENTRAL ZONE - NE,Central Zone - NE,Z3,CENTRAL,2018,26.7,no
202,HSA3.6,CENTRAL ZONE - NE,Central Zone - NE,Z3,CENTRAL,2019,38,no
203,HSA3.6,CENTRAL ZONE - NE,Central Zone - NE,Z3,CENTRAL,2020,44.2,no
204,HSA3.6,CENTRAL ZONE - NE,Central Zone - NE,Z3,CENTRAL,All,35.3,no
205,HSA3.7.A,RED DEER - NORTH,Red Deer - North,Z3,CENTRAL,2016,26.7,no
206,HSA3.7.A,RED DEER - NORTH,Red Deer - North,Z3,CENTRAL,2017,29.9,no
207,HSA3.7.A,RED DEER - NORTH,Red Deer - North,Z3,CENTRAL,2018,0,no
208,HSA3.7.A,RED DEER - NORTH,Red Deer - North,Z3,CENTRAL,2019,29.6,no
209,HSA3.7.A,RED DEER - NORTH,Red Deer - North,Z3,CENTRAL,2020,42.6,no
210,HSA3.7.A,RED DEER - NORTH,Red Deer - North,Z3,CENTRAL,All,30.1,no
211,HSA3.7.BC,RED DEER - EAST/SW,Red Deer - East/SW,Z3,CENTRAL,2016,40,no
212,HSA3.7.BC,RED DEER - EAST/SW,Red Deer - East/SW,Z3,CENTRAL,2017,30,no
213,HSA3.7.BC,RED DEER - EAST/SW,Red Deer - East/SW,Z3,CENTRAL,2018,28.3,no
214,HSA3.7.BC,RED DEER - EAST/SW,Red Deer - East/SW,Z3,CENTRAL,2019,19.6,no
215,HSA3.7.BC,RED DEER - EAST/SW,Red Deer - East/SW,Z3,CENTRAL,2020,27.6,no
216,HSA3.7.BC,RED DEER - EAST/SW,Red Deer - East/SW,Z3,CENTRAL,All,29,no
217,HSA4.1.A,EDMONTON - WOODCROFT EAST,Edmonton - Woodcroft East,Z4,EDMONTON,2016,21.3,yes
218,HSA4.1.A,EDMONTON - WOODCROFT EAST,Edmonton - Woodcroft East,Z4,EDMONTON,2017,23,yes
219,HSA4.1.A,EDMONTON - WOODCROFT EAST,Edmonton - Woodcroft East,Z4,EDMONTON,2018,22.8,yes
220,HSA4.1.A,EDMONTON - WOODCROFT EAST,Edmonton - Woodcroft East,Z4,EDMONTON,2019,22.5,yes
221,HSA4.1.A,EDMONTON - WOODCROFT EAST,Edmonton - Woodcroft East,Z4,EDMONTON,2020,19.1,yes
222,HSA4.1.A,EDMONTON - WOODCROFT EAST,Edmonton - Woodcroft East,Z4,EDMONTON,All,21.7,yes
223,HSA4.1.B,EDMONTON - WOODCROFT WEST,Edmonton - Woodcroft West,Z4,EDMONTON,2016,0,yes
224,HSA4.1.B,EDMONTON - WOODCROFT WEST,Edmonton - Woodcroft West,Z4,EDMONTON,2017,40.7,yes
225,HSA4.1.B,EDMONTON - WOODCROFT WEST,Edmonton - Woodcroft West,Z4,EDMONTON,2018,0,yes
226,HSA4.1.B,EDMONTON - WOODCROFT WEST,Edmonton - Woodcroft West,Z4,EDMONTON,2019,0,yes
227,HSA4.1.B,EDMONTON - WOODCROFT WEST,Edmonton - Woodcroft West,Z4,EDMONTON,2020,39.7,yes
228,HSA4.1.B,EDMONTON - WOODCROFT WEST,Edmonton - Woodcroft West,Z4,EDMONTON,All,31.7,yes
229,HSA4.1.C,EDMONTON - JASPER PLACE,Edmonton - Jasper Place,Z4,EDMONTON,2016,31.6,yes
230,HSA4.1.C,EDMONTON - JASPER PLACE,Edmonton - Jasper Place,Z4,EDMONTON,2017,23.1,yes
231,HSA4.1.C,EDMONTON - JASPER PLACE,Edmonton - Jasper Place,Z4,EDMONTON,2018,22.8,yes
232,HSA4.1.C,EDMONTON - JASPER PLACE,Edmonton - Jasper Place,Z4,EDMONTON,2019,26.6,yes
233,HSA4.1.C,EDMONTON - JASPER PLACE,Edmonton - Jasper Place,Z4,EDMONTON,2020,24.2,yes
234,HSA4.1.C,EDMONTON - JASPER PLACE,Edmonton - Jasper Place,Z4,EDMONTON,All,25.6,yes
235,HSA4.1.D,EDMONTON - WEST JASPER PLACE,Edmonton - West Jasper Place,Z4,EDMONTON,2016,31.4,yes
236,HSA4.1.D,EDMONTON - WEST JASPER PLACE,Edmonton - West Jasper Place,Z4,EDMONTON,2017,37.8,yes
237,HSA4.1.D,EDMONTON - WEST JASPER PLACE,Edmonton - West Jasper Place,Z4,EDMONTON,2018,27.7,yes
238,HSA4.1.D,EDMONTON - WEST JASPER PLACE,Edmonton - West Jasper Place,Z4,EDMONTON,2019,36.3,yes
239,HSA4.1.D,EDMONTON - WEST JASPER PLACE,Edmonton - West Jasper Place,Z4,EDMONTON,2020,30.7,yes
240,HSA4.1.D,EDMONTON - WEST JASPER PLACE,Edmonton - West Jasper Place,Z4,EDMONTON,All,32.8,yes
241,HSA4.2.A,EDMONTON - CASTLE DOWNS,Edmonton - Castle Downs,Z4,EDMONTON,2016,27.5,yes
242,HSA4.2.A,EDMONTON - CASTLE DOWNS,Edmonton - Castle Downs,Z4,EDMONTON,2017,19.3,yes
243,HSA4.2.A,EDMONTON - CASTLE DOWNS,Edmonton - Castle Downs,Z4,EDMONTON,2018,42.3,yes
244,HSA4.2.A,EDMONTON - CASTLE DOWNS,Edmonton - Castle Downs,Z4,EDMONTON,2019,44.6,yes
245,HSA4.2.A,EDMONTON - CASTLE DOWNS,Edmonton - Castle Downs,Z4,EDMONTON,2020,31.2,yes
246,HSA4.2.A,EDMONTON - CASTLE DOWNS,Edmonton - Castle Downs,Z4,EDMONTON,All,33.1,yes
247,HSA4.2.B,EDMONTON - NORTHGATE,Edmonton - Northgate,Z4,EDMONTON,2016,27.4,yes
248,HSA4.2.B,EDMONTON - NORTHGATE,Edmonton - Northgate,Z4,EDMONTON,2017,32,yes
249,HSA4.2.B,EDMONTON - NORTHGATE,Edmonton - Northgate,Z4,EDMONTON,2018,29.3,yes
250,HSA4.2.B,EDMONTON - NORTHGATE,Edmonton - Northgate,Z4,EDMONTON,2019,38.7,yes
251,HSA4.2.B,EDMONTON - NORTHGATE,Edmonton - Northgate,Z4,EDMONTON,2020,32.3,yes
252,HSA4.2.B,EDMONTON - NORTHGATE,Edmonton - Northgate,Z4,EDMONTON,All,32,yes
253,HSA4.2.C,EDMONTON - EASTWOOD,Edmonton - Eastwood,Z4,EDMONTON,2016,16.2,yes
254,HSA4.2.C,EDMONTON - EASTWOOD,Edmonton - Eastwood,Z4,EDMONTON,2017,23,yes
255,HSA4.2.C,EDMONTON - EASTWOOD,Edmonton - Eastwood,Z4,EDMONTON,2018,17.5,yes
256,HSA4.2.C,EDMONTON - EASTWOOD,Edmonton - Eastwood,Z4,EDMONTON,2019,28,yes
257,HSA4.2.C,EDMONTON - EASTWOOD,Edmonton - Eastwood,Z4,EDMONTON,2020,29,yes
258,HSA4.2.C,EDMONTON - EASTWOOD,Edmonton - Eastwood,Z4,EDMONTON,All,22.8,yes
259,HSA4.2.DE,EDMONTON - ABBOTTSFIELD/NE,Edmonton - Abbottsfield/NE,Z4,EDMONTON,2016,25.5,yes
260,HSA4.2.DE,EDMONTON - ABBOTTSFIELD/NE,Edmonton - Abbottsfield/NE,Z4,EDMONTON,2017,35.1,yes
261,HSA4.2.DE,EDMONTON - ABBOTTSFIELD/NE,Edmonton - Abbottsfield/NE,Z4,EDMONTON,2018,36.7,yes
262,HSA4.2.DE,EDMONTON - ABBOTTSFIELD/NE,Edmonton - Abbottsfield/NE,Z4,EDMONTON,2019,38.3,yes
263,HSA4.2.DE,EDMONTON - ABBOTTSFIELD/NE,Edmonton - Abbottsfield/NE,Z4,EDMONTON,2020,39.8,yes
264,HSA4.2.DE,EDMONTON - ABBOTTSFIELD/NE,Edmonton - Abbottsfield/NE,Z4,EDMONTON,All,35.2,yes
265,HSA4.3.A,EDMONTON - BONNIE DOON,Edmonton - Bonnie Doon,Z4,EDMONTON,2016,24.5,yes
266,HSA4.3.A,EDMONTON - BONNIE DOON,Edmonton - Bonnie Doon,Z4,EDMONTON,2017,29.7,yes
267,HSA4.3.A,EDMONTON - BONNIE DOON,Edmonton - Bonnie Doon,Z4,EDMONTON,2018,35.7,yes
268,HSA4.3.A,EDMONTON - BONNIE DOON,Edmonton - Bonnie Doon,Z4,EDMONTON,2019,51.6,yes
269,HSA4.3.A,EDMONTON - BONNIE DOON,Edmonton - Bonnie Doon,Z4,EDMONTON,2020,33.1,yes
270,HSA4.3.A,EDMONTON - BONNIE DOON,Edmonton - Bonnie Doon,Z4,EDMONTON,All,34.9,yes
271,HSA4.3.B,EDMONTON - MILL WOODS WEST,Edmonton - Mill Woods West,Z4,EDMONTON,2016,28.4,yes
272,HSA4.3.B,EDMONTON - MILL WOODS WEST,Edmonton - Mill Woods West,Z4,EDMONTON,2017,38.3,yes
273,HSA4.3.B,EDMONTON - MILL WOODS WEST,Edmonton - Mill Woods West,Z4,EDMONTON,2018,32.6,yes
274,HSA4.3.B,EDMONTON - MILL WOODS WEST,Edmonton - Mill Woods West,Z4,EDMONTON,2019,49.9,yes
275,HSA4.3.B,EDMONTON - MILL WOODS WEST,Edmonton - Mill Woods West,Z4,EDMONTON,2020,57.5,yes
276,HSA4.3.B,EDMONTON - MILL WOODS WEST,Edmonton - Mill Woods West,Z4,EDMONTON,All,41.3,yes
277,HSA4.3.C,EDMONTON - MILL WOODS SOUTH & EAST,Edmonton - Mill Woods South & East,Z4,EDMONTON,2016,55.8,yes
278,HSA4.3.C,EDMONTON - MILL WOODS SOUTH & EAST,Edmonton - Mill Woods South & East,Z4,EDMONTON,2017,51.6,yes
279,HSA4.3.C,EDMONTON - MILL WOODS SOUTH & EAST,Edmonton - Mill Woods South & East,Z4,EDMONTON,2018,83.4,yes
280,HSA4.3.C,EDMONTON - MILL WOODS SOUTH & EAST,Edmonton - Mill Woods South & East,Z4,EDMONTON,2019,57.1,yes
281,HSA4.3.C,EDMONTON - MILL WOODS SOUTH & EAST,Edmonton - Mill Woods South & East,Z4,EDMONTON,2020,64.7,yes
282,HSA4.3.C,EDMONTON - MILL WOODS SOUTH & EAST,Edmonton - Mill Woods South & East,Z4,EDMONTON,All,62.6,yes
283,HSA4.4.A,EDMONTON - DUGGAN,Edmonton - Duggan,Z4,EDMONTON,2016,0,yes
284,HSA4.4.A,EDMONTON - DUGGAN,Edmonton - Duggan,Z4,EDMONTON,2017,0,yes
285,HSA4.4.A,EDMONTON - DUGGAN,Edmonton - Duggan,Z4,EDMONTON,2018,26.6,yes
286,HSA4.4.A,EDMONTON - DUGGAN,Edmonton - Duggan,Z4,EDMONTON,2019,26.6,yes
287,HSA4.4.A,EDMONTON - DUGGAN,Edmonton - Duggan,Z4,EDMONTON,2020,26.6,yes
288,HSA4.4.A,EDMONTON - DUGGAN,Edmonton - Duggan,Z4,EDMONTON,All,20.7,yes
289,HSA4.4.B,EDMONTON - TWIN BROOKS,Edmonton - Twin Brooks,Z4,EDMONTON,2016,34.6,yes
290,HSA4.4.B,EDMONTON - TWIN BROOKS,Edmonton - Twin Brooks,Z4,EDMONTON,2017,29.1,yes
291,HSA4.4.B,EDMONTON - TWIN BROOKS,Edmonton - Twin Brooks,Z4,EDMONTON,2018,23.5,yes
292,HSA4.4.B,EDMONTON - TWIN BROOKS,Edmonton - Twin Brooks,Z4,EDMONTON,2019,42.5,yes
293,HSA4.4.B,EDMONTON - TWIN BROOKS,Edmonton - Twin Brooks,Z4,EDMONTON,2020,36.8,yes
294,HSA4.4.B,EDMONTON - TWIN BROOKS,Edmonton - Twin Brooks,Z4,EDMONTON,All,33.4,yes
295,HSA4.4.C,EDMONTON - RUTHERFORD,Edmonton - Rutherford,Z4,EDMONTON,2016,34.2,yes
296,HSA4.4.C,EDMONTON - RUTHERFORD,Edmonton - Rutherford,Z4,EDMONTON,2017,48.2,yes
297,HSA4.4.C,EDMONTON - RUTHERFORD,Edmonton - Rutherford,Z4,EDMONTON,2018,26.8,yes
298,HSA4.4.C,EDMONTON - RUTHERFORD,Edmonton - Rutherford,Z4,EDMONTON,2019,40.1,yes
299,HSA4.4.C,EDMONTON - RUTHERFORD,Edmonton - Rutherford,Z4,EDMONTON,2020,47.2,yes
300,HSA4.4.C,EDMONTON - RUTHERFORD,Edmonton - Rutherford,Z4,EDMONTON,All,39.5,yes
301,HSA4.5.A,STURGEON COUNTY WEST,Sturgeon County West,Z4,EDMONTON,2016,0,yes
302,HSA4.5.A,STURGEON COUNTY WEST,Sturgeon County West,Z4,EDMONTON,2017,43.6,yes
303,HSA4.5.A,STURGEON COUNTY WEST,Sturgeon County West,Z4,EDMONTON,2018,65.8,yes
304,HSA4.5.A,STURGEON COUNTY WEST,Sturgeon County West,Z4,EDMONTON,2019,0,yes
305,HSA4.5.A,STURGEON COUNTY WEST,Sturgeon County West,Z4,EDMONTON,2020,47.3,yes
306,HSA4.5.A,STURGEON COUNTY WEST,Sturgeon County West,Z4,EDMONTON,All,41.9,yes
307,HSA4.5.B,STURGEON COUNTY EAST & FORT SASKATCHEWAN,Sturgeon County East & Fort Saskatchewan,Z4,EDMONTON,2016,0,yes
308,HSA4.5.B,STURGEON COUNTY EAST & FORT SASKATCHEWAN,Sturgeon County East & Fort Saskatchewan,Z4,EDMONTON,2017,54.8,yes
309,HSA4.5.B,STURGEON COUNTY EAST & FORT SASKATCHEWAN,Sturgeon County East & Fort Saskatchewan,Z4,EDMONTON,2018,56.7,yes
310,HSA4.5.B,STURGEON COUNTY EAST & FORT SASKATCHEWAN,Sturgeon County East & Fort Saskatchewan,Z4,EDMONTON,2019,46.3,yes
311,HSA4.5.B,STURGEON COUNTY EAST & FORT SASKATCHEWAN,Sturgeon County East & Fort Saskatchewan,Z4,EDMONTON,2020,51.4,yes
312,HSA4.5.B,STURGEON COUNTY EAST & FORT SASKATCHEWAN,Sturgeon County East & Fort Saskatchewan,Z4,EDMONTON,All,48,yes
313,HSA4.6,SHERWOOD PARK/STRATHCONA COUNTY,Sherwood Park/Strathcona County,Z4,EDMONTON,2016,39,yes
314,HSA4.6,SHERWOOD PARK/STRATHCONA COUNTY,Sherwood Park/Strathcona County,Z4,EDMONTON,2017,43.9,yes
315,HSA4.6,SHERWOOD PARK/STRATHCONA COUNTY,Sherwood Park/Strathcona County,Z4,EDMONTON,2018,52.7,yes
316,HSA4.6,SHERWOOD PARK/STRATHCONA COUNTY,Sherwood Park/Strathcona County,Z4,EDMONTON,2019,56.4,yes
317,HSA4.6,SHERWOOD PARK/STRATHCONA COUNTY,Sherwood Park/Strathcona County,Z4,EDMONTON,2020,57.9,yes
318,HSA4.6,SHERWOOD PARK/STRATHCONA COUNTY,Sherwood Park/Strathcona County,Z4,EDMONTON,All,50.1,yes
319,HSA4.7,LEDUC COUNTY,Leduc County,Z4,EDMONTON,2016,37.7,yes
320,HSA4.7,LEDUC COUNTY,Leduc County,Z4,EDMONTON,2017,27.3,yes
321,HSA4.7,LEDUC COUNTY,Leduc County,Z4,EDMONTON,2018,32,yes
322,HSA4.7,LEDUC COUNTY,Leduc County,Z4,EDMONTON,2019,40.4,yes
323,HSA4.7,LEDUC COUNTY,Leduc County,Z4,EDMONTON,2020,39.5,yes
324,HSA4.7,LEDUC COUNTY,Leduc County,Z4,EDMONTON,All,35.4,yes
325,HSA4.8.A,STONY PLAIN & SPRUCE GROVE,Stony Plain & Spruce Grove,Z4,EDMONTON,2016,48.6,yes
326,HSA4.8.A,STONY PLAIN & SPRUCE GROVE,Stony Plain & Spruce Grove,Z4,EDMONTON,2017,45.3,yes
327,HSA4.8.A,STONY PLAIN & SPRUCE GROVE,Stony Plain & Spruce Grove,Z4,EDMONTON,2018,40.2,yes
328,HSA4.8.A,STONY PLAIN & SPRUCE GROVE,Stony Plain & Spruce Grove,Z4,EDMONTON,2019,37.8,yes
329,HSA4.8.A,STONY PLAIN & SPRUCE GROVE,Stony Plain & Spruce Grove,Z4,EDMONTON,2020,38.9,yes
330,HSA4.8.A,STONY PLAIN & SPRUCE GROVE,Stony Plain & Spruce Grove,Z4,EDMONTON,All,42.2,yes
331,HSA4.8.B,WESTVIEW EXCLUDING STONY PLAIN & SPRUCE GROVE,Westview excluding Stony Plain & Spruce Grove,Z4,EDMONTON,2016,47.8,yes
332,HSA4.8.B,WESTVIEW EXCLUDING STONY PLAIN & SPRUCE GROVE,Westview excluding Stony Plain & Spruce Grove,Z4,EDMONTON,2017,29.7,yes
333,HSA4.8.B,WESTVIEW EXCLUDING STONY PLAIN & SPRUCE GROVE,Westview excluding Stony Plain & Spruce Grove,Z4,EDMONTON,2018,39.3,yes
334,HSA4.8.B,WESTVIEW EXCLUDING STONY PLAIN & SPRUCE GROVE,Westview excluding Stony Plain & Spruce Grove,Z4,EDMONTON,2019,0,yes
335,HSA4.8.B,WESTVIEW EXCLUDING STONY PLAIN & SPRUCE GROVE,Westview excluding Stony Plain & Spruce Grove,Z4,EDMONTON,2020,38.2,yes
336,HSA4.8.B,WESTVIEW EXCLUDING STONY PLAIN & SPRUCE GROVE,Westview excluding Stony Plain & Spruce Grove,Z4,EDMONTON,All,33.9,yes
337,HSA4.9,ST. ALBERT,St. Albert,Z4,EDMONTON,2016,50.3,yes
338,HSA4.9,ST. ALBERT,St. Albert,Z4,EDMONTON,2017,42.7,yes
339,HSA4.9,ST. ALBERT,St. Albert,Z4,EDMONTON,2018,49.9,yes
340,HSA4.9,ST. ALBERT,St. Albert,Z4,EDMONTON,2019,30.8,yes
341,HSA4.9,ST. ALBERT,St. Albert,Z4,EDMONTON,2020,43.8,yes
342,HSA4.9,ST. ALBERT,St. Albert,Z4,EDMONTON,All,43.5,yes
343,HSA5.1,NORTH ZONE - SW,North Zone - SW,Z5,NORTH,2016,35,no
344,HSA5.1,NORTH ZONE - SW,North Zone - SW,Z5,NORTH,2017,28.9,no
345,HSA5.1,NORTH ZONE - SW,North Zone - SW,Z5,NORTH,2018,37.2,no
346,HSA5.1,NORTH ZONE - SW,North Zone - SW,Z5,NORTH,2019,27.9,no
347,HSA5.1,NORTH ZONE - SW,North Zone - SW,Z5,NORTH,2020,35,no
348,HSA5.1,NORTH ZONE - SW,North Zone - SW,Z5,NORTH,All,32.8,no
349,HSA5.2,NORTH ZONE - SE,North Zone - SE,Z5,NORTH,2016,20.2,no
350,HSA5.2,NORTH ZONE - SE,North Zone - SE,Z5,NORTH,2017,22.6,no
351,HSA5.2,NORTH ZONE - SE,North Zone - SE,Z5,NORTH,2018,18,no
352,HSA5.2,NORTH ZONE - SE,North Zone - SE,Z5,NORTH,2019,28.1,no
353,HSA5.2,NORTH ZONE - SE,North Zone - SE,Z5,NORTH,2020,23.5,no
354,HSA5.2,NORTH ZONE - SE,North Zone - SE,Z5,NORTH,All,22.5,no
355,HSA5.3,NORTH ZONE - CENTRAL WEST,North Zone - Central West,Z5,NORTH,2016,22.5,no
356,HSA5.3,NORTH ZONE - CENTRAL WEST,North Zone - Central West,Z5,NORTH,2017,0,no
357,HSA5.3,NORTH ZONE - CENTRAL WEST,North Zone - Central West,Z5,NORTH,2018,0,no
358,HSA5.3,NORTH ZONE - CENTRAL WEST,North Zone - Central West,Z5,NORTH,2019,23.7,no
359,HSA5.3,NORTH ZONE - CENTRAL WEST,North Zone - Central West,Z5,NORTH,2020,23.3,no
360,HSA5.3,NORTH ZONE - CENTRAL WEST,North Zone - Central West,Z5,NORTH,All,19.3,no
361,HSA5.4,NORTH ZONE - NW,North Zone - NW,Z5,NORTH,2016,13.8,no
362,HSA5.4,NORTH ZONE - NW,North Zone - NW,Z5,NORTH,2017,14.8,no
363,HSA5.4,NORTH ZONE - NW,North Zone - NW,Z5,NORTH,2018,15.8,no
364,HSA5.4,NORTH ZONE - NW,North Zone - NW,Z5,NORTH,2019,20.1,no
365,HSA5.4,NORTH ZONE - NW,North Zone - NW,Z5,NORTH,2020,17.9,no
366,HSA5.4,NORTH ZONE - NW,North Zone - NW,Z5,NORTH,All,16.5,no
367,HSA5.5,NORTH ZONE - NE,North Zone - NE,Z5,NORTH,2016,0,no
368,HSA5.5,NORTH ZONE - NE,North Zone - NE,Z5,NORTH,2017,0,no
369,HSA5.5,NORTH ZONE - NE,North Zone - NE,Z5,NORTH,2018,0,no
370,HSA5.5,NORTH ZONE - NE,North Zone - NE,Z5,NORTH,2019,0,no
371,HSA5.5,NORTH ZONE - NE,North Zone - NE,Z5,NORTH,2020,0,no
372,HSA5.5,NORTH ZONE - NE,North Zone - NE,Z5,NORTH,All,0,no
373,HSA5.6,FORT MCMURRAY,Fort McMurray,Z5,NORTH,2016,36.1,no
374,HSA5.6,FORT MCMURRAY,Fort McMurray,Z5,NORTH,2017,45.8,no
375,HSA5.6,FORT MCMURRAY,Fort McMurray,Z5,NORTH,2018,32,no
376,HSA5.6,FORT MCMURRAY,Fort McMurray,Z5,NORTH,2019,33.1,no
377,HSA5.6,FORT MCMURRAY,Fort McMurray,Z5,NORTH,2020,46.6,no
378,HSA5.6,FORT MCMURRAY,Fort McMurray,Z5,NORTH,All,38.7,no
379,HSA5.7,CITY OF GRANDE PRAIRIE,City of Grande Prairie,Z5,NORTH,2016,0,no
380,HSA5.7,CITY OF GRANDE PRAIRIE,City of Grande Prairie,Z5,NORTH,2017,28.8,no
381,HSA5.7,CITY OF GRANDE PRAIRIE,City of Grande Prairie,Z5,NORTH,2018,25.8,no
382,HSA5.7,CITY OF GRANDE PRAIRIE,City of Grande Prairie,Z5,NORTH,2019,25.6,no
383,HSA5.7,CITY OF GRANDE PRAIRIE,City of Grande Prairie,Z5,NORTH,2020,29.3,no
384,HSA5.7,CITY OF GRANDE PRAIRIE,City of Grande Prairie,Z5,NORTH,All,23.9,no